"";"study";"condition_arm1";"condition_arm2";"multi_arm1";"multi_arm2";"outcome_type";"instrument";"time";"time_weeks";"rating";"mean_arm1";"mean_arm2";"sd_arm1";"sd_arm2";"n_arm1";"n_arm2";"mean_change_arm1";"mean_change_arm2";"sd_change_arm1";"sd_change_arm2";"n_change_arm1";"n_change_arm2";"event_arm1";"event_arm2";"totaln_arm1";"totaln_arm2";"precalc_g";"precalc_g_se";"precalc_log_rr";"precalc_log_rr_se";"descr_arm1";"descr_arm2";"baseline_m_arm1";"baseline_sd_arm1";"baseline_n_arm1";"baseline_m_arm2";"baseline_sd_arm2";"baseline_n_arm2";"dich";"dich_type";"year";"comorbid_mental";"format";"format_details";"n_sessions_arm1";"country";"age_group";"mean_age";"percent_women";"recruitment";"setting_inpatients";"diagnosis";"target_group";"ac";"ba";"itt";"sg";"rob";"no.arms";"is.multiarm";"primary";"primary_calc";"comparison";".id";".g";".g_se";".log_rr";".log_rr_se";".event_arm1";".event_arm2";".totaln_arm1";".totaln_arm2"
"1";"Bailey, 2017";"cbt";"cau";NA;NA;"msd";"csdd";"post";8;"clinician";6,92;11,75;4,88;4,71;26;25;NA;NA;NA;NA;NA;NA;NA;NA;NA;NA;NA;NA;NA;NA;NA;NA;11,92;5,76;26;11,88;4,51;25;NA;NA;2017;"n";"oth";"oth";12;"us";"olderold";84,14;90,04;"oth";"nursing";"cut";"med (dementia)";0;"0";0;0;0;2;0;"1";1;"psy vs ctr";"Bailey_2017_cbt_cau_NA_NA_msd_csdd_post_8.0_clinician";-0,991288121024165;0,297319344499822;NA;NA;NA;NA;NA;NA
"2";"Bailey, 2017";"cbt";"cau";NA;NA;"msd";"gds";"post";8;"self-report";9,6;11,79;5,62;5,41;26;25;NA;NA;NA;NA;NA;NA;NA;NA;NA;NA;NA;NA;NA;NA;NA;NA;12,96;6,3;26;12,96;4,85;25;NA;NA;2017;"n";"oth";"oth";12;"us";"olderold";84,14;90,04;"oth";"nursing";"cut";"med (dementia)";0;"0";0;0;0;2;0;"0";1;"psy vs ctr";"Bailey_2017_cbt_cau_NA_NA_msd_gds_post_8.0_self-report";-0,390767016169777;0,282852849282242;NA;NA;NA;NA;NA;NA
"3";"Barth, 2005";"cbt";"cau";NA;NA;"msd";"bdi";"post";3,5;"self-report";12,34;15,29;7,69;7,65;25;23;NA;NA;NA;NA;NA;NA;NA;NA;NA;NA;NA;NA;NA;NA;NA;NA;19,04;6,39;25;21,25;5,43;23;NA;NA;2005;"n";"ind";"ind";5;"eu";"old";58;23,71;"oth";"other";"mood";"med (CHD)";1;"1";0;0;2;2;0;"1";1;"psy vs ctr";"Barth_2005_cbt_cau_NA_NA_msd_bdi_post_3.5_self-report";-0,378266046091602;0,291579882881501;NA;NA;NA;NA;NA;NA
"4";"Barth, 2005";"cbt";"cau";NA;NA;"msd";"hads-d";"post";3,5;"self-report";7,41;7,92;4,17;3,3;27;23;NA;NA;NA;NA;NA;NA;NA;NA;NA;NA;NA;NA;NA;NA;NA;NA;11,3;3,1;27;11,42;3,67;23;NA;NA;2005;"n";"ind";"ind";5;"eu";"old";58;23,71;"oth";"other";"mood";"med (CHD)";1;"1";0;0;2;2;0;"0";1;"psy vs ctr";"Barth_2005_cbt_cau_NA_NA_msd_hads-d_post_3.5_self-report";-0,132238857616121;0,284070052248992;NA;NA;NA;NA;NA;NA
"5";"Barth, 2005";"cbt";"cau";NA;NA;"msd";"brms";"post";3,5;"clinician";6,24;5,72;5,15;3,54;21;25;NA;NA;NA;NA;NA;NA;NA;NA;NA;NA;NA;NA;NA;NA;NA;NA;9,78;4,11;25;8,66;3,75;25;NA;NA;2005;"n";"ind";"ind";5;"eu";"old";58;23,71;"oth";"other";"mood";"med (CHD)";1;"1";0;0;2;2;0;"0";1;"psy vs ctr";"Barth_2005_cbt_cau_NA_NA_msd_brms_post_3.5_clinician";0,117588572558575;0,296267835631418;NA;NA;NA;NA;NA;NA
"6";"Berking, 2013";"cbt";"cbt";NA;NA;"msd";"bdi";"post";NA;"self-report";10,3;12,72;8,9;9,86;186;229;NA;NA;NA;NA;NA;NA;NA;NA;NA;NA;NA;NA;NA;NA;NA;NA;24,06;8,65;186;24,45;8,35;229;NA;NA;2013;"n";"oth";"oth";84;"eu";"adul";46,44;82,4;"clin";"psych";"mdd";"adul";1;"sr";1;1;4;2;0;"1";1;"psy vs ctr";"Berking_2013_cbt_cbt_NA_NA_msd_bdi_post_NA_self-report";-0,255834501638974;0,0991075206715024;NA;NA;NA;NA;NA;NA
"7";"Berking, 2013";"cbt";"cbt";NA;NA;"msd";"health-49-d";"post";NA;"self-report";1,06;1,27;0,81;0,86;186;229;NA;NA;NA;NA;NA;NA;NA;NA;NA;NA;NA;NA;NA;NA;NA;NA;2,21;0,89;186;2,24;0,88;229;NA;NA;2013;"n";"oth";"oth";84;"eu";"adul";46,44;82,4;"clin";"psych";"mdd";"adul";1;"sr";1;1;4;2;0;"0";1;"psy vs ctr";"Berking_2013_cbt_cbt_NA_NA_msd_health-49-d_post_NA_self-report";-0,250149701889997;0,0990899715405782;NA;NA;NA;NA;NA;NA
"8";"Berking, 2013";"cbt";"cbt";NA;NA;"response";"bdi";"post";NA;"self-report";NA;NA;NA;NA;NA;NA;NA;NA;NA;NA;NA;NA;158;173;186;229;NA;NA;NA;NA;NA;NA;NA;NA;NA;NA;NA;NA;"response defined as a reliable change index of 1,96 or above";"response";2013;"n";"oth";"oth";84;"eu";"adul";46,44;82,4;"clin";"psych";"mdd";"adul";1;"sr";1;1;4;2;0;"0";0;"psy vs ctr";"Berking_2013_cbt_cbt_NA_NA_response_bdi_post_NA_self-report";-0,331544893906378;0,141296129970439;0,117278768370226;0,0486446752663037;158;173;186;229
"9";"Berking, 2013";"cbt";"cbt";NA;NA;"remission";"bdi";"post";NA;"self-report";NA;NA;NA;NA;NA;NA;NA;NA;NA;NA;NA;NA;121;117;186;229;NA;NA;NA;NA;NA;NA;NA;NA;NA;NA;NA;NA;"remission defined as a reliable change index of 1,96 or above and a posttreatment BDI score =<11";"remission";2013;"n";"oth";"oth";84;"eu";"adul";46,44;82,4;"clin";"psych";"mdd";"adul";1;"sr";1;1;4;2;0;"0";0;"psy vs ctr";"Berking_2013_cbt_cbt_NA_NA_remission_bdi_post_NA_self-report";-0,317939483753299;0,111805174871502;0,241591940640023;0,0840732718753717;121;117;186;229
"10";"Bowers, 1990";"cbt";"other ctr";NA;NA;"msd";"bdi";"post";4;"self-report";10,1;9,3;8,68;8,64;10;10;NA;NA;NA;NA;NA;NA;NA;NA;NA;NA;NA;NA;NA;NA;NA;"relaxation + pha";24,2;10,55;10;25,8;11,92;10;NA;NA;1990;"n";"ind";"ind";12;"us";"adul";36,16;80;"clin";"psych";"mdd";"adul";0;"1";0;0;1;3;1;"0";1;"psy vs ctr";"Bowers_1990_cbt_otherctr_NA_NA_msd_bdi_post_4.0_self-report";0,0884751893527023;0,447452058562387;NA;NA;NA;NA;NA;NA
"11";"Bowers, 1990";"cbt";"other ctr";NA;NA;"msd";"ham-d";"post";4;"clinician";6,6;7,3;4,71;6,25;10;10;NA;NA;NA;NA;NA;NA;NA;NA;NA;NA;NA;NA;NA;NA;NA;"relaxation + pha";20,7;4,76;10;16,5;4,96;10;NA;NA;1990;"n";"ind";"ind";12;"us";"adul";36,16;80;"clin";"psych";"mdd";"adul";0;"1";0;0;1;3;1;"1";1;"psy vs ctr";"Bowers_1990_cbt_otherctr_NA_NA_msd_ham-d_post_4.0_clinician";-0,121149774340845;0,447660610513494;NA;NA;NA;NA;NA;NA
"12";"Bowers, 1990";"cbt";"pha";NA;NA;"msd";"bdi";"post";4;"self-report";10,1;19,6;8,68;9,15;10;10;NA;NA;NA;NA;NA;NA;NA;NA;NA;NA;NA;NA;NA;NA;"nortriptyline";NA;24,2;10,55;10;31,2;7,68;10;NA;NA;1990;"n";"ind";"ind";12;"us";"adul";36,16;80;"clin";"psych";"mdd";"adul";0;"1";0;0;1;3;1;"0";1;"psy vs ctr";"Bowers_1990_cbt_pha_NA_NA_msd_bdi_post_4.0_self-report";-1,02023915908275;0,477879612065663;NA;NA;NA;NA;NA;NA
"13";"Bowers, 1990";"cbt";"pha";NA;NA;"msd";"ham-d";"post";4;"clinician";6,6;8,5;4,71;5,18;10;10;NA;NA;NA;NA;NA;NA;NA;NA;NA;NA;NA;NA;NA;NA;"nortriptyline";NA;20,7;4,76;10;22,1;5,98;10;NA;NA;1990;"n";"ind";"ind";12;"us";"adul";36,16;80;"clin";"psych";"mdd";"adul";0;"1";0;0;1;3;1;"1";1;"psy vs ctr";"Bowers_1990_cbt_pha_NA_NA_msd_ham-d_post_4.0_clinician";-0,367576733504154;0,451311902641933;NA;NA;NA;NA;NA;NA
"14";"Bowers, 1990";"cbt";"other ctr";NA;NA;"remission";"bdi";"post";4;"self-report";NA;NA;NA;NA;NA;NA;NA;NA;NA;NA;NA;NA;10;10;10;10;NA;NA;NA;NA;NA;"relaxation + pha";NA;NA;NA;NA;NA;NA;"remission based on bdi < 9";"remission";1990;"n";"ind";"ind";12;"us";"adul";36,16;80;"clin";"psych";"mdd";"adul";0;"1";0;0;1;3;1;"0";0;"psy vs ctr";"Bowers_1990_cbt_otherctr_NA_NA_remission_bdi_post_4.0_self-report";NA;NA;NA;NA;10;10;10;10
"15";"Bowers, 1990";"cbt";"other ctr";NA;NA;"remission";"ham-d";"post";4;"clinician";NA;NA;NA;NA;NA;NA;NA;NA;NA;NA;NA;NA;8;1;10;10;NA;NA;NA;NA;NA;"relaxation + pha";NA;NA;NA;NA;NA;NA;"remission based on hamd-d <=6";"remission";1990;"n";"ind";"ind";12;"us";"adul";36,16;80;"clin";"psych";"mdd";"adul";0;"1";0;0;1;3;1;"0";0;"psy vs ctr";"Bowers_1990_cbt_otherctr_NA_NA_remission_ham-d_post_4.0_clinician";-1,89221736039749;0,726439603915684;2,07944154167984;0,961769203083567;8;1;10;10
"16";"Bowers, 1990";"cbt";"pha";NA;NA;"remission";"bdi";"post";4;"self-report";NA;NA;NA;NA;NA;NA;NA;NA;NA;NA;NA;NA;10;0;10;10;NA;NA;NA;NA;"nortriptyline";NA;NA;NA;NA;NA;NA;NA;"remission based on bdi < 9";"remission";1990;"n";"ind";"ind";12;"us";"adul";36,16;80;"clin";"psych";"mdd";"adul";0;"1";0;0;1;3;1;"0";0;"psy vs ctr";"Bowers_1990_cbt_pha_NA_NA_remission_bdi_post_4.0_self-report";-3,2295828517328;1,1286062302381;3,04452243772342;1,38013111868471;10;0;10;10
"17";"Bowers, 1990";"cbt";"pha";NA;NA;"remission";"ham-d";"post";4;"clinician";NA;NA;NA;NA;NA;NA;NA;NA;NA;NA;NA;NA;8;2;10;10;NA;NA;NA;NA;"nortriptyline";NA;NA;NA;NA;NA;NA;NA;"remission based on hamd-d <=6";"remission";1990;"n";"ind";"ind";12;"us";"adul";36,16;80;"clin";"psych";"mdd";"adul";0;"1";0;0;1;3;1;"0";0;"psy vs ctr";"Bowers_1990_cbt_pha_NA_NA_remission_ham-d_post_4.0_clinician";-1,4640191955354;0,6164044440615;1,38629436111989;0,651920240520265;8;2;10;10
"18";"Bowers, 1993";"cbt";"cau";"therapist-delivered cbt";"cau";"msd";"bdi";"post";2;"self-report";9;14,1;6,1;5,2;8;8;NA;NA;NA;NA;NA;NA;NA;NA;NA;NA;NA;NA;NA;NA;NA;NA;32,9;12,8;8;29,6;10,4;8;NA;NA;1993;"n";"ind";"ind";8;"us";"adul";NA;68,18;"clin";"psych";"mdd";"adul";0;"1";1;0;2;3;1;"0";1;"psy vs ctr";"Bowers_1993_cbt_cau_therapist-deliveredcbt_cau_msd_bdi_post_2.0_self-report";-0,850725130450578;0,524691868071379;NA;NA;NA;NA;NA;NA
"19";"Bowers, 1993";"cbt";"cau";"therapist-delivered cbt";"cau";"msd";"ham-d";"post";2;"clinician";6,2;9,3;2,2;3,7;8;8;NA;NA;NA;NA;NA;NA;NA;NA;NA;NA;NA;NA;NA;NA;NA;NA;20,3;3,3;8;21,1;2,6;8;NA;NA;1993;"n";"ind";"ind";8;"us";"adul";NA;68,18;"clin";"psych";"mdd";"adul";0;"1";1;0;2;3;1;"1";1;"psy vs ctr";"Bowers_1993_cbt_cau_therapist-deliveredcbt_cau_msd_ham-d_post_2.0_clinician";-0,962896562171291;0,531426056507214;NA;NA;NA;NA;NA;NA
"20";"Bowers, 1993";"cbt";"cau";"computer-assisted cbt";"cau";"msd";"bdi";"post";2;"self-report";16,8;14,1;3,8;5,2;6;8;NA;NA;NA;NA;NA;NA;NA;NA;NA;NA;NA;NA;NA;NA;NA;NA;32;11,2;6;29,6;10,4;8;NA;NA;1993;"n";"ush";"ush";8;"us";"adul";NA;68,18;"clin";"psych";"mdd";"adul";0;"1";1;0;2;3;1;"0";1;"psy vs ctr";"Bowers_1993_cbt_cau_computer-assistedcbt_cau_msd_bdi_post_2.0_self-report";0,541489410140383;0,551012827273808;NA;NA;NA;NA;NA;NA
"21";"Bowers, 1993";"cbt";"cau";"computer-assisted cbt";"cau";"msd";"ham-d";"post";2;"clinician";13,3;9,3;5,1;3,7;6;8;NA;NA;NA;NA;NA;NA;NA;NA;NA;NA;NA;NA;NA;NA;NA;NA;23,2;2,9;6;21,1;2,6;8;NA;NA;1993;"n";"ush";"ush";8;"us";"adul";NA;68,18;"clin";"psych";"mdd";"adul";0;"1";1;0;2;3;1;"1";1;"psy vs ctr";"Bowers_1993_cbt_cau_computer-assistedcbt_cau_msd_ham-d_post_2.0_clinician";0,863110784999287;0,567471695987863;NA;NA;NA;NA;NA;NA
"22";"Bowers, 1993";"cbt";"cau";"therapist-delivered cbt";"cau";"remission";"bdi-II, ham-d";"post";2;"self-report, clinician";NA;NA;NA;NA;NA;NA;NA;NA;NA;NA;NA;NA;4;1;8;8;NA;NA;NA;NA;NA;NA;NA;NA;NA;NA;NA;NA;"remission based on bdi-II<=8 and ham-d<=7";"remission";1993;"n";"ind";"ind";8;"us";"adul";NA;68,18;"clin";"psych";"mdd";"adul";0;"1";1;0;2;3;1;"0";0;"psy vs ctr";"Bowers_1993_cbt_cau_therapist-deliveredcbt_cau_remission_bdi-II_ham-d_post_2.0_self-report_clinician";-1,01431813890134;0,70666023717814;1,38629436111989;1;4;1;8;8
"23";"Bowers, 1993";"cbt";"cau";"computer-assisted cbt";"cau";"remission";"bdi-II, ham-d";"post";2;"self-report, clinician";NA;NA;NA;NA;NA;NA;NA;NA;NA;NA;NA;NA;0;1;6;8;NA;NA;NA;NA;NA;NA;NA;NA;NA;NA;NA;NA;"remission based on bdi-II<=8 and ham-d<=7";"remission";1993;"n";"ush";"ush";8;"us";"adul";NA;68,18;"clin";"psych";"mdd";"adul";0;"1";1;0;2;3;1;"0";0;"psy vs ctr";"Bowers_1993_cbt_cau_computer-assistedcbt_cau_remission_bdi-II_ham-d_post_2.0_self-report_clinician";0,498066465756228;0,947555573998263;-0,83034830207343;1,54763479348229;0;1;6;8
"24";"Bowman, 1996";"pst";"other ctr";NA;NA;"msd";"scl-90-r depression index";"post";4;"self-report";0,38;0,79;0,26;0,56;11;11;NA;NA;NA;NA;NA;NA;NA;NA;NA;NA;NA;NA;NA;NA;NA;"discussion group";1,45;0,75;14;1,34;0,93;14;NA;NA;1996;"y (substance dependence)";"grp";"grp (+booklet)";8;"us";"adul";41;0;"oth";"other";"cut";"oth (substance abusers)";0;"sr";0;0;1;2;0;"1";1;"psy vs ctr";"Bowman_1996_pst_otherctr_NA_NA_msd_scl-90-rdepressionindex_post_4.0_self-report";-0,903459959001828;0,449291152093409;NA;NA;NA;NA;NA;NA
"25";"Daughters, 2008";"bat";"cau";NA;NA;"msd";"ham-d";"post";2;"clinician";6,7;14,9;6,6;9,5;20;19;NA;NA;NA;NA;NA;NA;NA;NA;NA;NA;NA;NA;NA;NA;NA;NA;12,4;11,3;22;14,1;8,2;22;NA;NA;2008;"y (substance dependence)";"grp";"grp";6;"us";"adul";42,1;37,1;"oth";"other";"cut";"oth (substance abusers)";0;"1";1;0;2;2;0;"1";1;"psy vs ctr";"Daughters_2008_bat_cau_NA_NA_msd_ham-d_post_2.0_clinician";-0,986704799983077;0,340057276136424;NA;NA;NA;NA;NA;NA
"26";"Daughters, 2008";"bat";"cau";NA;NA;"msd";"bdi-II";"post";2;"self-report";13,6;14,4;10,6;9,2;20;19;NA;NA;NA;NA;NA;NA;NA;NA;NA;NA;NA;NA;NA;NA;NA;NA;21,3;8,2;22;20;10,5;22;NA;NA;2008;"y (substance dependence)";"grp";"grp";6;"us";"adul";42,1;37,1;"oth";"other";"cut";"oth (substance abusers)";0;"1";1;0;2;2;0;"0";1;"psy vs ctr";"Daughters_2008_bat_cau_NA_NA_msd_bdi-II_post_2.0_self-report";-0,0788120794411419;0,320491129595452;NA;NA;NA;NA;NA;NA
"27";"Daughters, 2008";"bat";"cau";NA;NA;"msd";"bdi-II";"fu1";4;"self-report";11,3;15,7;9,9;10,1;18;14;NA;NA;NA;NA;NA;NA;NA;NA;NA;NA;NA;NA;NA;NA;NA;NA;21,3;8,2;22;20;10,5;22;NA;NA;2008;"y (substance dependence)";"grp";"grp";7;"us";"adul";42,1;37,1;"oth";"other";"cut";"oth (substance abusers)";0;"1";1;0;2;2;0;"0";1;"psy vs ctr";"Daughters_2008_bat_cau_NA_NA_msd_bdi-II_fu1_4.0_self-report";-0,429459056249577;0,360578578301737;NA;NA;NA;NA;NA;NA
"28";"De Jong, 1996";"cbt";"sup";NA;NA;"msd";"ham-d";"post";8;"clinician";9,9;9,8;8;7,9;37;46;NA;NA;NA;NA;NA;NA;NA;NA;NA;NA;NA;NA;NA;NA;NA;NA;28,7;5,3;37;30;7,9;46;NA;NA;1996;"n";"ind";"ind";24;"eu";"adul";44;72;"clin";"other";"mdd";"adul";0;"1";1;1;3;2;0;"1";1;"psy vs psy";"DeJong_1996_cbt_sup_NA_NA_msd_ham-d_post_8.0_clinician";0,0124702577080247;0,220832769081282;NA;NA;NA;NA;NA;NA
"29";"De Jong, 1996";"cbt";"sup";NA;NA;"msd";"ham-d";"fu1";52;"clinician";9,1;6,4;11,1;6,3;37;46;NA;NA;NA;NA;NA;NA;NA;NA;NA;NA;NA;NA;NA;NA;NA;NA;28,7;5,3;37;30;7,9;46;NA;NA;1996;"n";"ind";"ind";24;"eu";"adul";44;72;"clin";"psych";"mdd";"adul";0;"1";1;1;3;2;0;"1-fu";1;"psy vs psy";"DeJong_1996_cbt_sup_NA_NA_msd_ham-d_fu1_52.0_clinician";0,305212515027739;0,222121366689615;NA;NA;NA;NA;NA;NA
"30";"De Jong, 1996";"cbt";"sup";NA;NA;"msd";"bdi";"post";8;"self-report";12,2;12,8;11,9;12;36;44;NA;NA;NA;NA;NA;NA;NA;NA;NA;NA;NA;NA;NA;NA;NA;NA;31,3;7,5;36;31,6;9,8;44;NA;NA;1996;"n";"ind";"ind";24;"eu";"adul";44;72;"clin";"psych";"mdd";"adul";0;"1";1;1;3;2;0;"0";1;"psy vs psy";"DeJong_1996_cbt_sup_NA_NA_msd_bdi_post_8.0_self-report";-0,0497031120288918;0,224768309031619;NA;NA;NA;NA;NA;NA
"31";"De Jong, 1996";"cbt";"sup";NA;NA;"msd";"bdi";"fu1";52;"self-report";11,2;8,1;13,4;7,9;36;44;NA;NA;NA;NA;NA;NA;NA;NA;NA;NA;NA;NA;NA;NA;NA;NA;31,3;7,5;36;31,6;9,8;44;NA;NA;1996;"n";"ind";"ind";24;"eu";"adul";44;72;"clin";"psych";"mdd";"adul";0;"1";1;1;3;2;0;"0";1;"psy vs psy";"DeJong_1996_cbt_sup_NA_NA_msd_bdi_fu1_52.0_self-report";0,286316221337078;0,225892532398033;NA;NA;NA;NA;NA;NA
"32";"Hauksson, 2017";"cbt";"cau";"cbt-individual";"cau";"msd";"bdi-II";"post";6;"self-report";12,64;17,75;9,59;11,15;59;36;NA;NA;NA;NA;NA;NA;NA;NA;NA;NA;NA;NA;NA;NA;NA;NA;33,08;9,86;59;30,03;9,98;36;NA;NA;2017;"n";"ind";"ind";12;"eu";"adul";45;76,2;"clin";"psych";"chr";"adul";0;"sr";0;0;1;3;1;"1";1;"psy vs ctr";"Hauksson_2017_cbt_cau_cbt-individual_cau_msd_bdi-II_post_6.0_self-report";-0,496679993159558;0,214584620863734;NA;NA;NA;NA;NA;NA
"33";"Hauksson, 2017";"cbt";"cau";"cbt-individual";"cau";"msd";"bdi-II";"fu1";78;"self-report";20,32;22,45;15,12;15,2;39;22;NA;NA;NA;NA;NA;NA;NA;NA;NA;NA;NA;NA;NA;NA;NA;NA;33,08;9,86;59;30,03;9,98;36;NA;NA;2017;"n";"ind";"ind";12;"eu";"adul";45;76,2;"clin";"psych";"chr";"adul";0;"sr";0;0;1;3;1;"1-fu";1;"psy vs ctr";"Hauksson_2017_cbt_cau_cbt-individual_cau_msd_bdi-II_fu1_78.0_self-report";-0,138812774705028;0,266941238360015;NA;NA;NA;NA;NA;NA
"34";"Hauksson, 2017";"cbt";"cau";"cbt-group";"cau";"msd";"bdi-II";"post";6;"self-report";16,77;17,75;9,21;11,15;83;36;NA;NA;NA;NA;NA;NA;NA;NA;NA;NA;NA;NA;NA;NA;NA;NA;29,96;8,88;86;30,03;9,98;36;NA;NA;2017;"n";"grp";"grp";12;"eu";"adul";45;76,2;"clin";"psych";"chr";"adul";0;"sr";0;0;1;3;1;"1";1;"psy vs ctr";"Hauksson_2017_cbt_cau_cbt-group_cau_msd_bdi-II_post_6.0_self-report";-0,099048756611835;0,199669042542515;NA;NA;NA;NA;NA;NA
"35";"Hauksson, 2017";"cbt";"cau";"cbt-group";"cau";"msd";"bdi-II";"fu1";78;"self-report";24,42;22,45;14,99;15,2;71;22;NA;NA;NA;NA;NA;NA;NA;NA;NA;NA;NA;NA;NA;NA;NA;NA;29,96;8,88;86;30,03;9,98;36;NA;NA;2017;"n";"grp";"grp";12;"eu";"adul";45;76,2;"clin";"psych";"chr";"adul";0;"sr";0;0;1;3;1;"1-fu";1;"psy vs ctr";"Hauksson_2017_cbt_cau_cbt-group_cau_msd_bdi-II_fu1_78.0_self-report";0,129912570511245;0,244195227516127;NA;NA;NA;NA;NA;NA
"36";"Hautzinger, 1996";"cbt";"pha";"cbt";"pha";"msd";"ham-d";"post";8;"clinician";10;11,3;8,1;7,6;22;22;NA;NA;NA;NA;NA;NA;NA;NA;NA;NA;NA;NA;NA;NA;"amitriptyline";NA;25,3;5,7;26;25,5;6;25;NA;NA;1996;"n";"ind";"ind";24;"eu";"adul";39;63;"clin";"psych";"mood";"adul";0;"1";1;1;3;3;1;"1";1;"psy vs ctr";"Hautzinger_1996_cbt_pha_cbt_pha_msd_ham-d_post_8.0_clinician";-0,162547743390166;0,302027189855821;NA;NA;NA;NA;NA;NA
"37";"Hautzinger, 1996";"cbt";"pha";"cbt";"pha";"msd";"ham-d";"fu1";52;"clinician";9,9;12,2;7,6;11,8;18;20;NA;NA;NA;NA;NA;NA;NA;NA;NA;NA;NA;NA;NA;NA;"amitriptyline";NA;25,3;5,7;26;25,5;6;25;NA;NA;1996;"n";"ind";"ind";24;"eu";"adul";39;63;"clin";"psych";"mood";"adul";0;"1";1;1;3;3;1;"1-fu";1;"psy vs ctr";"Hautzinger_1996_cbt_pha_cbt_pha_msd_ham-d_fu1_52.0_clinician";-0,224320296999069;0,325954498719648;NA;NA;NA;NA;NA;NA
"38";"Hautzinger, 1996";"cbt";"pha";"cbt";"pha";"msd";"bdi";"post";8;"self-report";12,6;14,3;10,7;10,3;21;22;NA;NA;NA;NA;NA;NA;NA;NA;NA;NA;NA;NA;NA;NA;"amitriptyline";NA;30,1;7,1;26;30,9;8,4;25;NA;NA;1996;"n";"ind";"ind";24;"eu";"adul";39;63;"clin";"psych";"mood";"adul";0;"1";1;1;3;3;1;"0";1;"psy vs ctr";"Hautzinger_1996_cbt_pha_cbt_pha_msd_bdi_post_8.0_self-report";-0,158969941583208;0,305579073050577;NA;NA;NA;NA;NA;NA
"39";"Hautzinger, 1996";"cbt";"pha";"cbt";"pha";"msd";"bdi";"fu1";52;"self-report";14,1;16,4;13,1;12,8;18;20;NA;NA;NA;NA;NA;NA;NA;NA;NA;NA;NA;NA;NA;NA;"amitriptyline";NA;30,1;7,1;26;30,9;8,4;25;NA;NA;1996;"n";"ind";"ind";24;"eu";"adul";39;63;"clin";"psych";"mood";"adul";0;"1";1;1;3;3;1;"0";1;"psy vs ctr";"Hautzinger_1996_cbt_pha_cbt_pha_msd_bdi_fu1_52.0_self-report";-0,173980488209324;0,325532005530865;NA;NA;NA;NA;NA;NA
"40";"Hautzinger, 1996";"cbt";"pha";"cbt+pha";"pha";"msd";"ham-d";"post";8;"clinician";9,3;11,3;7,5;7,6;20;22;NA;NA;NA;NA;NA;NA;NA;NA;NA;NA;NA;NA;NA;NA;"amitriptyline";NA;24,4;4,2;24;25,5;6;25;NA;NA;1996;"n";"ind";"ind";24;"eu";"adul";39;63;"clin";"psych";"mood";"adul";0;"1";1;1;3;3;1;"1";1;"psy vs ctr";"Hautzinger_1996_cbt_pha_cbt+pha_pha_msd_ham-d_post_8.0_clinician";-0,259810825304941;0,310305238830664;NA;NA;NA;NA;NA;NA
"41";"Hautzinger, 1996";"cbt";"pha";"cbt+pha";"pha";"msd";"ham-d";"fu1";52;"clinician";11,1;12,2;10;11,8;19;20;NA;NA;NA;NA;NA;NA;NA;NA;NA;NA;NA;NA;NA;NA;"amitriptyline";NA;24,4;4,2;24;25,5;6;25;NA;NA;1996;"n";"ind";"ind";24;"eu";"adul";39;63;"clin";"psych";"mood";"adul";0;"1";1;1;3;3;1;"1-fu";1;"psy vs ctr";"Hautzinger_1996_cbt_pha_cbt+pha_pha_msd_ham-d_fu1_52.0_clinician";-0,0983049680719245;0,32056308391808;NA;NA;NA;NA;NA;NA
"42";"Hautzinger, 1996";"cbt";"pha";"cbt+pha";"pha";"msd";"bdi";"post";8;"self-report";11,3;14,3;10,4;10,3;20;22;NA;NA;NA;NA;NA;NA;NA;NA;NA;NA;NA;NA;NA;NA;"amitriptyline";NA;30,4;10;24;30,9;8,4;25;NA;NA;1996;"n";"ind";"ind";24;"eu";"adul";39;63;"clin";"psych";"mood";"adul";0;"1";1;1;3;3;1;"0";1;"psy vs ctr";"Hautzinger_1996_cbt_pha_cbt+pha_pha_msd_bdi_post_8.0_self-report";-0,2844515052113;0,310572367643281;NA;NA;NA;NA;NA;NA
"43";"Hautzinger, 1996";"cbt";"pha";"cbt+pha";"pha";"msd";"bdi";"fu1";52;"self-report";15;16,4;14,4;12,8;19;20;NA;NA;NA;NA;NA;NA;NA;NA;NA;NA;NA;NA;NA;NA;"amitriptyline";NA;30,4;10;24;30,9;8,4;25;NA;NA;1996;"n";"ind";"ind";24;"eu";"adul";39;63;"clin";"psych";"mood";"adul";0;"1";1;1;3;3;1;"0";1;"psy vs ctr";"Hautzinger_1996_cbt_pha_cbt+pha_pha_msd_bdi_fu1_52.0_self-report";-0,10082619336033;0,320573545933937;NA;NA;NA;NA;NA;NA
"44";"Hopko, 2003";"bat";"sup";NA;NA;"msd";"bdi";"post";2;"self-report";19,1;30,2;13,1;17;10;15;NA;NA;NA;NA;NA;NA;NA;NA;NA;NA;NA;NA;NA;NA;NA;NA;35,1;7,4;10;37,1;13,4;15;NA;NA;2003;"n";"ind";"ind";6;"us";"adul";30,5;36;"clin";"psych";"mdd";"adul";0;"sr";0;0;1;2;0;"1";1;"psy vs psy";"Hopko_2003_bat_sup_NA_NA_msd_bdi_post_2.0_self-report";-0,688498881628443;0,420481515237211;NA;NA;NA;NA;NA;NA
"45";"Hsu, 2009";"lrt";"cau";NA;NA;"msd";"gds";"post";8;"self-report";7,9;10,7;1,7;2,3;21;24;NA;NA;NA;NA;NA;NA;NA;NA;NA;NA;NA;NA;NA;NA;NA;NA;9,9;2,7;21;9,6;3,2;24;NA;NA;2009;"n";"grp";"grp";8;"eas";"olderold";77,9;48,97;"oth";"nursing";"cut";"old";0;"sr";1;0;2;2;0;"1";1;"psy vs ctr";"Hsu_2009_lrt_cau_NA_NA_msd_gds_post_8.0_self-report";-1,34650973945612;0,33189914929627;NA;NA;NA;NA;NA;NA
"46";"Hyer, 2009";"cbt";"wl";NA;NA;"msd";"gds-s";"post";14;"self-report";5;10,5;3,5;1,6;13;12;NA;NA;NA;NA;NA;NA;NA;NA;NA;NA;NA;NA;NA;NA;NA;NA;10,4;3,8;13;9;1,7;12;NA;NA;2009;"n";"oth";"oth";15;"us";"olderold";79,44;16;"oth";"nursing";"mood";"old";0;"1";1;0;2;2;0;"1";1;"psy vs ctr";"Hyer_2009_cbt_wl_NA_NA_msd_gds-s_post_14.0_self-report";-1,92730487120851;0,489589689027376;NA;NA;NA;NA;NA;NA
"47";"Jahangard, 2012";"other psy";"other ctr";NA;NA;"msd";"ham-d";"post";4;"clinician";2,67;3,93;0,82;1,34;15;15;NA;NA;NA;NA;NA;NA;NA;NA;NA;NA;NA;NA;NA;NA;"Emotional intelligence";"standard pha + meetings (administrative, handcrafting, drawing, exercise)";25,87;1,77;15;23,6;1,88;15;NA;NA;2012;"y (BPD)";"grp";"grp";12;"oth";"adul";24,2;53;"clin";"psych";"mdd";"adul";0;"0";0;0;0;2;0;"1";1;"psy vs ctr";"Jahangard_2012_otherpsy_otherctr_NA_NA_msd_ham-d_post_4.0_clinician";-1,10360520974667;0,393415552395376;NA;NA;NA;NA;NA;NA
"48";"Karimi, 2010";"lrt";"other ctr";"integrative reminiscence";"other ctr";"msd";"gds-15";"post";6;"self-report";4,7;8;2,62;2,61;10;10;NA;NA;NA;NA;NA;NA;NA;NA;NA;NA;NA;NA;NA;NA;NA;"active social discussion control";9,4;3,02;10;9,1;2,6;10;NA;NA;2010;"n";"grp";"grp";6;"oth";"old";70,5;59;"oth";"nursing";"cut";"old";0;"sr";0;0;1;3;1;"1";1;"psy vs ctr";"Karimi_2010_lrt_otherctr_integrativereminiscence_otherctr_msd_gds-15_post_6.0_self-report";-1,20862623438429;0,489706869062344;NA;NA;NA;NA;NA;NA
"49";"Karimi, 2010";"lrt";"other ctr";"instrumental reminiscence";"other ctr";"msd";"gds-15";"post";6;"self-report";7;8;3,31;2,61;9;10;NA;NA;NA;NA;NA;NA;NA;NA;NA;NA;NA;NA;NA;NA;NA;"active social discussion control";9,22;2,72;9;9,1;2,6;10;NA;NA;2010;"n";"grp";"grp";6;"oth";"old";70,5;59;"oth";"nursing";"cut";"old";0;"sr";0;0;1;3;1;"1";1;"psy vs ctr";"Karimi_2010_lrt_otherctr_instrumentalreminiscence_otherctr_msd_gds-15_post_6.0_self-report";-0,322699396361042;0,462725011597051;NA;NA;NA;NA;NA;NA
"50";"Konnert, 2009";"cbt";"cau";NA;NA;"msd";"gds";"post";7;"self-report";10,11;12,5;2,95;2,58;20;23;NA;NA;NA;NA;NA;NA;NA;NA;NA;NA;NA;NA;NA;NA;NA;NA;14;3,31;20;13,38;3,22;23;NA;NA;2009;"n";"grp";"grp";13;"can";"olderold";81,1;77;"oth";"nursing";"sub";"old";0;"0";0;0;0;2;0;"0";1;"psy vs ctr";"Konnert_2009_cbt_cau_NA_NA_msd_gds_post_7.0_self-report";-0,850731082415127;0,319706781120971;NA;NA;NA;NA;NA;NA
"51";"Konnert, 2009";"cbt";"cau";NA;NA;"msd";"gds";"fu2";26;"self-report";9,44;12,31;2,71;2,25;20;23;NA;NA;NA;NA;NA;NA;NA;NA;NA;NA;NA;NA;NA;NA;NA;NA;14;3,31;20;13,38;3,22;23;NA;NA;2009;"n";"grp";"grp";13;"can";"olderold";81,1;77;"oth";"nursing";"sub";"old";0;"0";0;0;0;2;0;"0";1;"psy vs ctr";"Konnert_2009_cbt_cau_NA_NA_msd_gds_fu2_26.0_self-report";-1,13879278874322;0,330346316026336;NA;NA;NA;NA;NA;NA
"52";"Konnert, 2009";"cbt";"cau";NA;NA;"msd";"cesd";"post";7;"self-report";31,94;38,22;7,17;10,09;20;23;NA;NA;NA;NA;NA;NA;NA;NA;NA;NA;NA;NA;NA;NA;NA;NA;35,58;9,01;20;38,78;7,53;23;NA;NA;2009;"n";"grp";"grp";13;"can";"olderold";81,1;77;"oth";"nursing";"sub";"old";0;"0";0;0;0;2;0;"1";1;"psy vs ctr";"Konnert_2009_cbt_cau_NA_NA_msd_cesd_post_7.0_self-report";-0,695967531538161;0,315156576654439;NA;NA;NA;NA;NA;NA
"53";"Konnert, 2009";"cbt";"cau";NA;NA;"msd";"cesd";"fu2";26;"self-report";32,18;36,78;12,94;9,48;20;23;NA;NA;NA;NA;NA;NA;NA;NA;NA;NA;NA;NA;NA;NA;NA;NA;35,58;9,01;20;38,78;7,53;23;NA;NA;2009;"n";"grp";"grp";13;"can";"olderold";81,1;77;"oth";"nursing";"sub";"old";0;"0";0;0;0;2;0;"1-fu";1;"psy vs ctr";"Konnert_2009_cbt_cau_NA_NA_msd_cesd_fu2_26.0_self-report";-0,402547534590399;0,308923648852949;NA;NA;NA;NA;NA;NA
"54";"Konnert, 2009";"cbt";"cau";NA;NA;"msd";"gds";"fu1";13;"self-report";10,83;12,31;2,81;2,3;20;23;NA;NA;NA;NA;NA;NA;NA;NA;NA;NA;NA;NA;NA;NA;NA;NA;14;3,31;20;13,38;3,22;23;NA;NA;2009;"n";"grp";"grp";13;"can";"olderold";81,1;77;"oth";"nursing";"sub";"old";0;"0";0;0;0;2;0;"0";1;"psy vs ctr";"Konnert_2009_cbt_cau_NA_NA_msd_gds_fu1_13.0_self-report";-0,569920268803979;0,312086639729718;NA;NA;NA;NA;NA;NA
"55";"Konnert, 2009";"cbt";"cau";NA;NA;"msd";"cesd";"fu1";13;"self-report";31,59;38,28;10,33;8,49;20;23;NA;NA;NA;NA;NA;NA;NA;NA;NA;NA;NA;NA;NA;NA;NA;NA;35,58;9,01;20;38,78;7,53;23;NA;NA;2009;"n";"grp";"grp";13;"can";"olderold";81,1;77;"oth";"nursing";"sub";"old";0;"0";0;0;0;2;0;"1-fu";1;"psy vs ctr";"Konnert_2009_cbt_cau_NA_NA_msd_cesd_fu1_13.0_self-report";-0,699523876326426;0,315251581551906;NA;NA;NA;NA;NA;NA
"56";"Lemmens, 2009";"other psy";"cau";"multi-family group therapy";"cau";"msd";"bdi";"post";13;"self-report";18,7;21,9;9,1;10,8;35;23;NA;NA;NA;NA;NA;NA;NA;NA;NA;NA;NA;NA;NA;NA;"family systemic therapy";NA;26,6;9,9;35;27,3;10,7;23;NA;NA;2009;"n";"oth";"oth (mix with other families)";7;"eu";"adul";42,59;72,29;"clin";"psych";"mdd";"adul";1;"sr";1;1;4;3;1;"1";1;"psy vs ctr";"Lemmens_2009_otherpsy_cau_multi-familygrouptherapy_cau_msd_bdi_post_13.0_self-report";-0,32203664631872;0,27012639522901;NA;NA;NA;NA;NA;NA
"57";"Lemmens, 2009";"other psy";"cau";"multi-family group therapy";"cau";"msd";"bdi";"fu1";65;"self-report";15,8;22,2;13,7;15,6;35;23;NA;NA;NA;NA;NA;NA;NA;NA;NA;NA;NA;NA;NA;NA;"family systemic therapy";NA;26,6;9,9;35;27,3;10,7;23;NA;NA;2009;"n";"oth";"oth (mix with other families)";7;"eu";"adul";42,59;72,29;"clin";"psych";"mdd";"adul";1;"sr";1;1;4;3;1;"1-fu";1;"psy vs ctr";"Lemmens_2009_otherpsy_cau_multi-familygrouptherapy_cau_msd_bdi_fu1_65.0_self-report";-0,436157381450212;0,271541271238553;NA;NA;NA;NA;NA;NA
"58";"Lemmens, 2009";"other psy";"cau";"single-family group therapy";"cau";"msd";"bdi";"post";13;"self-report";19,3;21,9;10,7;10,8;25;23;NA;NA;NA;NA;NA;NA;NA;NA;NA;NA;NA;NA;NA;NA;"family systemic therapy";NA;26,2;13,5;25;27,3;10,7;23;NA;NA;2009;"n";"oth";"oth (mix couple-therapy and children involved)";7;"eu";"adul";42,59;72,29;"clin";"psych";"mdd";"adul";1;"sr";1;1;4;3;1;"1";1;"psy vs ctr";"Lemmens_2009_otherpsy_cau_single-familygrouptherapy_cau_msd_bdi_post_13.0_self-report";-0,237941087601033;0,289979020972648;NA;NA;NA;NA;NA;NA
"59";"Lemmens, 2009";"other psy";"cau";"single-family group therapy";"cau";"msd";"bdi";"fu1";65;"self-report";12,5;22,2;9,8;15,6;25;23;NA;NA;NA;NA;NA;NA;NA;NA;NA;NA;NA;NA;NA;NA;"family systemic therapy";NA;26,2;13,5;25;27,3;10,7;23;NA;NA;2009;"n";"oth";"oth (mix couple-therapy and children involved)";7;"eu";"adul";42,59;72,29;"clin";"psych";"mdd";"adul";1;"sr";1;1;4;3;1;"1-fu";1;"psy vs ctr";"Lemmens_2009_otherpsy_cau_single-familygrouptherapy_cau_msd_bdi_fu1_65.0_self-report";-0,739417002927508;0,298939566821544;NA;NA;NA;NA;NA;NA
"60";"Lemmens, 2009";"other psy";"cau";"multi-family group therapy";"cau";"response";"bdi";"post";13;"self-report";NA;NA;NA;NA;NA;NA;NA;NA;NA;NA;NA;NA;8;3;35;23;NA;NA;NA;NA;"family systemic therapy";NA;NA;NA;NA;NA;NA;NA;"response defined as >= 50% improvement on the bdi";"response";2009;"n";"oth";"oth (mix with other families)";7;"eu";"adul";42,59;72,29;"clin";"psych";"mdd";"adul";1;"sr";1;1;4;3;1;"0";0;"psy vs ctr";"Lemmens_2009_otherpsy_cau_multi-familygrouptherapy_cau_response_bdi_post_13.0_self-report";-0,370254253554308;0,407151954862258;0,560975407451462;0,621517211259945;8;3;35;23
"61";"Lemmens, 2009";"other psy";"cau";"multi-family group therapy";"cau";"response";"bdi";"fu1";65;"self-report";NA;NA;NA;NA;NA;NA;NA;NA;NA;NA;NA;NA;17;2;35;23;NA;NA;NA;NA;"family systemic therapy";NA;NA;NA;NA;NA;NA;NA;"response defined as >= 50% improvement on the bdi";"response";2009;"n";"oth";"oth (mix with other families)";7;"eu";"adul";42,59;72,29;"clin";"psych";"mdd";"adul";1;"sr";1;1;4;3;1;"0";0;"psy vs ctr";"Lemmens_2009_otherpsy_cau_multi-familygrouptherapy_cau_response_bdi_fu1_65.0_self-report";-1,24785187614026;0,448579204921499;1,72021231793601;0,697691794398337;17;2;35;23
"62";"Lemmens, 2009";"other psy";"cau";"multi-family group therapy";"cau";"remission";"bdi";"post";13;"self-report";NA;NA;NA;NA;NA;NA;NA;NA;NA;NA;NA;NA;7;3;35;23;NA;NA;NA;NA;"family systemic therapy";NA;NA;NA;NA;NA;NA;NA;"remission defined as bdi score <9";"remission";2009;"n";"oth";"oth (mix with other families)";7;"eu";"adul";42,59;72,29;"clin";"psych";"mdd";"adul";1;"sr";1;1;4;3;1;"0";0;"psy vs ctr";"Lemmens_2009_otherpsy_cau_multi-familygrouptherapy_cau_remission_bdi_post_13.0_self-report";-0,277844143134042;0,41327783234934;0,42744401482694;0,635720682964997;7;3;35;23
"63";"Lemmens, 2009";"other psy";"cau";"multi-family group therapy";"cau";"remission";"bdi";"fu1";65;"self-report";NA;NA;NA;NA;NA;NA;NA;NA;NA;NA;NA;NA;13;4;35;23;NA;NA;NA;NA;"family systemic therapy";NA;NA;NA;NA;NA;NA;NA;"remission defined as bdi score <9";"remission";2009;"n";"oth";"oth (mix with other families)";7;"eu";"adul";42,59;72,29;"clin";"psych";"mdd";"adul";1;"sr";1;1;4;3;1;"0";0;"psy vs ctr";"Lemmens_2009_otherpsy_cau_multi-familygrouptherapy_cau_remission_bdi_fu1_65.0_self-report";-0,561345119549537;0,359426356867993;0,758801150781382;0,504849866279157;13;4;35;23
"64";"Lemmens, 2009";"other psy";"cau";"single-family group therapy";"cau";"response";"bdi";"post";13;"self-report";NA;NA;NA;NA;NA;NA;NA;NA;NA;NA;NA;NA;5;3;25;23;NA;NA;NA;NA;"family systemic therapy";NA;NA;NA;NA;NA;NA;NA;"response defined as >= 50% improvement on the bdi";"response";2009;"n";"oth";"oth (mix couple-therapy and children involved)";7;"eu";"adul";42,59;72,29;"clin";"psych";"mdd";"adul";1;"sr";1;1;4;3;1;"0";0;"psy vs ctr";"Lemmens_2009_otherpsy_cau_single-familygrouptherapy_cau_response_bdi_post_13.0_self-report";-0,277015993676116;0,438759898942966;0,42744401482694;0,670712361943455;5;3;25;23
"65";"Lemmens, 2009";"other psy";"cau";"single-family group therapy";"cau";"response";"bdi";"fu1";65;"self-report";NA;NA;NA;NA;NA;NA;NA;NA;NA;NA;NA;NA;6;2;25;23;NA;NA;NA;NA;"family systemic therapy";NA;NA;NA;NA;NA;NA;NA;"response defined as >= 50% improvement on the bdi";"response";2009;"n";"oth";"oth (mix couple-therapy and children involved)";7;"eu";"adul";42,59;72,29;"clin";"psych";"mdd";"adul";1;"sr";1;1;4;3;1;"0";0;"psy vs ctr";"Lemmens_2009_otherpsy_cau_single-familygrouptherapy_cau_response_bdi_fu1_65.0_self-report";-0,65004157599778;0,482819742469652;1,01523067972906;0,763667732588658;6;2;25;23
"66";"Lemmens, 2009";"other psy";"cau";"single-family group therapy";"cau";"remission";"bdi";"post";13;"self-report";NA;NA;NA;NA;NA;NA;NA;NA;NA;NA;NA;NA;4;3;25;23;NA;NA;NA;NA;"family systemic therapy";NA;NA;NA;NA;NA;NA;NA;"remission defined as bdi score <9";"remission";2009;"n";"oth";"oth (mix couple-therapy and children involved)";7;"eu";"adul";42,59;72,29;"clin";"psych";"mdd";"adul";1;"sr";1;1;4;3;1;"0";0;"psy vs ctr";"Lemmens_2009_otherpsy_cau_single-familygrouptherapy_cau_remission_bdi_post_13.0_self-report";-0,129548864182142;0,454955716225755;0,20430046351273;0,707004294515789;4;3;25;23
"67";"Lemmens, 2009";"other psy";"cau";"single-family group therapy";"cau";"remission";"bdi";"fu1";65;"self-report";NA;NA;NA;NA;NA;NA;NA;NA;NA;NA;NA;NA;7;4;25;23;NA;NA;NA;NA;"family systemic therapy";NA;NA;NA;NA;NA;NA;NA;"remission defined as bdi score <9";"remission";2009;"n";"oth";"oth (mix couple-therapy and children involved)";7;"eu";"adul";42,59;72,29;"clin";"psych";"mdd";"adul";1;"sr";1;1;4;3;1;"0";0;"psy vs ctr";"Lemmens_2009_otherpsy_cau_single-familygrouptherapy_cau_remission_bdi_fu1_65.0_self-report";-0,332794598955245;0,390255298129347;0,476234178996372;0,556218376168549;7;4;25;23
"68";"Luo, 2020";"bat";"cau";NA;NA;"msd";"gds-15";"post";12;"self-report";5,673;6,867;0,312;0,317;32;30;NA;NA;NA;NA;NA;NA;NA;NA;NA;NA;NA;NA;NA;NA;NA;NA;7,593;0,307;32;7,167;0,317;30;NA;NA;2020;"n";"ind";"ind";36;"eas";"olderold";85,18;80,67;"oth";"nursing";"cut";"old";0;"sr";1;0;1;2;0;"1";1;"psy vs ctr";"Luo_2020_bat_cau_NA_NA_msd_gds-15_post_12.0_self-report";-3,74972274259907;0,425293962336946;NA;NA;NA;NA;NA;NA
"69";"Meeks, 2008";"bat";"cau";NA;NA;"msd";"gds";"post";13;"self-report";14,3;12,5;3,4;7,3;10;4;NA;NA;NA;NA;NA;NA;NA;NA;NA;NA;NA;NA;NA;NA;NA;NA;19,3;4,6;13;14,1;3,8;7;NA;NA;2008;"n";"ind";"ind";10;"us";"olderold";77,78;NA;"clin";"nursing";"mood";"old";0;"1";0;0;1;2;0;"0";1;"psy vs ctr";"Meeks_2008_bat_cau_NA_NA_msd_gds_post_13.0_self-report";0,359327142152131;0,596038198410556;NA;NA;NA;NA;NA;NA
"70";"Meeks, 2008";"bat";"cau";NA;NA;"msd";"gds";"fu1";26;"self-report";12,1;13;5,5;4,2;8;2;NA;NA;NA;NA;NA;NA;NA;NA;NA;NA;NA;NA;NA;NA;NA;NA;19,3;4,6;13;14,1;3,8;7;NA;NA;2008;"n";"ind";"ind";10;"us";"olderold";77,78;NA;"clin";"nursing";"mood";"old";0;"1";0;0;1;2;0;"0";1;"psy vs ctr";"Meeks_2008_bat_cau_NA_NA_msd_gds_fu1_26.0_self-report";-0,151808678503747;0,791462217476732;NA;NA;NA;NA;NA;NA
"71";"Meeks, 2008";"bat";"cau";NA;NA;"msd";"ham-d";"post";13;"clinician";5,9;7,9;3,2;6,1;10;4;NA;NA;NA;NA;NA;NA;NA;NA;NA;NA;NA;NA;NA;NA;NA;NA;18;7,9;13;15,9;5,8;7;NA;NA;2008;"n";"ind";"ind";10;"us";"olderold";77,78;NA;"clin";"nursing";"mood";"old";0;"1";0;0;1;2;0;"1";1;"psy vs ctr";"Meeks_2008_bat_cau_NA_NA_msd_ham-d_post_13.0_clinician";-0,454343168702495;0,59867522144957;NA;NA;NA;NA;NA;NA
"72";"Meeks, 2008";"bat";"cau";NA;NA;"msd";"ham-d";"fu1";26;"clinician";5,6;4;4,3;1,1;8;2;NA;NA;NA;NA;NA;NA;NA;NA;NA;NA;NA;NA;NA;NA;NA;NA;18;7,9;13;15,9;5,8;7;NA;NA;2008;"n";"ind";"ind";10;"us";"olderold";77,78;NA;"clin";"nursing";"mood";"old";0;"1";0;0;1;2;0;"1-fu";1;"psy vs ctr";"Meeks_2008_bat_cau_NA_NA_msd_ham-d_fu1_26.0_clinician";0,357621176671757;0,795511366577467;NA;NA;NA;NA;NA;NA
"73";"Meeks, 2015";"bat";"cau";NA;NA;"msd";"gds";"post";10;"self-report";12,2;14,6;6,4;5,6;30;27;NA;NA;NA;NA;NA;NA;NA;NA;NA;NA;NA;NA;NA;NA;NA;NA;17,6;4,3;42;19,6;4,3;40;NA;NA;2015;"n";"ind";"ind";7;"us";"olderold";75,16;65;"clin";"nursing";"mood";"old";0;"1";1;0;2;2;0;"1";1;"psy vs ctr";"Meeks_2015_bat_cau_NA_NA_msd_gds_post_10.0_self-report";-0,392229330834307;0,267876136391536;NA;NA;NA;NA;NA;NA
"74";"Meeks, 2015";"bat";"cau";NA;NA;"msd";"gds";"fu1";26;"self-report";13,1;15,1;5,5;6,3;28;23;NA;NA;NA;NA;NA;NA;NA;NA;NA;NA;NA;NA;NA;NA;NA;NA;17,6;4,3;42;19,6;4,3;40;NA;NA;2015;"n";"ind";"ind";7;"us";"olderold";75,16;65;"clin";"nursing";"mood";"old";0;"1";1;0;2;2;0;"1-fu";1;"psy vs ctr";"Meeks_2015_bat_cau_NA_NA_msd_gds_fu1_26.0_self-report";-0,335320646772984;0,283424798734872;NA;NA;NA;NA;NA;NA
"75";"Meeks, 2015";"bat";"cau";NA;NA;"remission";NA;"post";10;NA;NA;NA;NA;NA;NA;NA;NA;NA;NA;NA;NA;NA;19;6;42;40;NA;NA;NA;NA;NA;NA;NA;NA;NA;NA;NA;NA;"Remission (No symptoms AND MDE in full remission OR MDE in partial remission with no more than 1 symptom)";"remission";2015;"n";"ind";"ind";7;"us";"olderold";75,16;65;"clin";"nursing";"mood";"old";0;"1";1;0;2;2;0;"0";1;"psy vs ctr";"Meeks_2015_bat_cau_NA_NA_remission_NA_post_10.0_NA";-0,842998263147807;0,298017758615121;1,10388934576895;0,412902799463156;19;6;42;40
"76";"Meeks, 2015";"bat";"cau";NA;NA;"change";NA;"post";10;NA;NA;NA;NA;NA;NA;NA;NA;NA;NA;NA;NA;NA;18;22;42;40;NA;NA;NA;NA;NA;NA;NA;NA;NA;NA;NA;NA;"no change";"change";2015;"n";"ind";"ind";7;"us";"olderold";75,16;65;"clin";"nursing";"mood";"old";0;"1";1;0;2;2;0;"0";0;"psy vs ctr";"Meeks_2015_bat_cau_NA_NA_change_NA_post_10.0_NA";0,266710926353641;0,245469755526436;-0,249460859631583;0,228474456341573;18;22;42;40
"77";"Meeks, 2015";"bat";"cau";NA;NA;"improvement";NA;"post";10;NA;NA;NA;NA;NA;NA;NA;NA;NA;NA;NA;NA;NA;4;11;42;40;NA;NA;NA;NA;NA;NA;NA;NA;NA;NA;NA;NA;"Improvement ((MDD => MDE in partial remission OR MDE => lesser form of depression) AND two or more depressive symptoms on SCID)";"improvement";2015;"n";"ind";"ind";7;"us";"olderold";75,16;65;"clin";"nursing";"mood";"old";0;"1";1;0;2;2;0;"0";0;"psy vs ctr";"Meeks_2015_bat_cau_NA_NA_improvement_NA_post_10.0_NA";0,700097189873149;0,349434515161282;-1,06039107584791;0,540462364184193;4;11;42;40
"78";"Miller, 1989";"cbt";"cau";NA;NA;"msd";"ham-d";"post";24;"clinician";15,3;23,8;3,7;3,6;14;17;NA;NA;NA;NA;NA;NA;NA;NA;NA;NA;NA;NA;NA;NA;NA;NA;36,5;5,5;15;36,5;5,6;17;NA;NA;1989;"n";"ind";"ind";10;"us";"adul";36,89;74;"clin";"psych";"mdd";"adul";0;"0";1;0;1;3;1;"1";1;"psy vs ctr";"Miller_1989_cbt_cau_NA_NA_msd_ham-d_post_24.0_clinician";-2,27102385310605;0,466855943964084;NA;NA;NA;NA;NA;NA
"79";"Miller, 1989";"cbt";"cau";NA;NA;"msd";"bdi";"post";24;"self-report";12,5;19,2;3,8;3,7;14;17;NA;NA;NA;NA;NA;NA;NA;NA;NA;NA;NA;NA;NA;NA;NA;NA;25,7;6,9;15;29,2;7,5;17;NA;NA;1989;"n";"ind";"ind";10;"us";"adul";36,89;74;"clin";"psych";"mdd";"adul";0;"0";1;0;1;3;1;"0";1;"psy vs ctr";"Miller_1989_cbt_cau_NA_NA_msd_bdi_post_24.0_self-report";-1,74230773480785;0,426464608382671;NA;NA;NA;NA;NA;NA
"80";"Miller, 1989";"other psy";"cau";NA;NA;"msd";"ham-d";"post";24;"clinician";8,2;23,8;4,1;3,6;14;17;NA;NA;NA;NA;NA;NA;NA;NA;NA;NA;NA;NA;NA;NA;"social skills training";NA;36,5;5,9;14;36,5;5,6;17;NA;NA;1989;"n";"ind";"ind";12;"us";"adul";36,89;74;"clin";"psych";"mdd";"adul";0;"0";1;0;1;3;1;"1";1;"psy vs ctr";"Miller_1989_otherpsy_cau_NA_NA_msd_ham-d_post_24.0_clinician";-3,96456057789806;0,630497367961386;NA;NA;NA;NA;NA;NA
"81";"Miller, 1989";"other psy";"cau";NA;NA;"msd";"bdi";"post";24;"self-report";6,5;19,2;4,1;3,7;14;17;NA;NA;NA;NA;NA;NA;NA;NA;NA;NA;NA;NA;NA;NA;"social skills training";NA;30,6;3,6;14;29,2;7,5;17;NA;NA;1989;"n";"ind";"ind";12;"us";"adul";36,89;74;"clin";"psych";"mdd";"adul";0;"0";1;0;1;3;1;"0";1;"psy vs ctr";"Miller_1989_otherpsy_cau_NA_NA_msd_bdi_post_24.0_self-report";-3,18419116325336;0,550148701118661;NA;NA;NA;NA;NA;NA
"82";"Minelli, 2019";"cbt";"other psy";NA;NA;"response";"madrs";"fu1";12;"clinician";NA;NA;NA;NA;NA;NA;NA;NA;NA;NA;NA;NA;5;10;10;12;NA;NA;NA;NA;NA;"emdr";NA;NA;NA;NA;NA;NA;"response defined as percentage MADRS reduction >50%";"response";2019;"n";"ind";"ind";24;"eu";"adul";52,75;72,71;"clin";"psych";"chr";"oth (patients with previous traumatic experience)";1;"1";1;1;4;2;0;"0";1;"psy vs psy";"Minelli_2019_cbt_otherpsy_NA_NA_response_madrs_fu1_12.0_clinician";0,85363356474596;0,551328895421792;-0,510825623765991;0,341565025531987;5;10;10;12
"83";"Minelli, 2019";"cbt";"other psy";NA;NA;"remission";"madrs";"fu1";12;"clinician";NA;NA;NA;NA;NA;NA;NA;NA;NA;NA;NA;NA;5;9;10;12;NA;NA;NA;NA;NA;"emdr";NA;NA;NA;NA;NA;NA;"remission based on an unstructured interview";"remission";2019;"n";"ind";"ind";24;"eu";"adul";52,75;72,71;"clin";"psych";"chr";"oth (patients with previous traumatic experience)";1;"1";1;1;4;2;0;"0";0;"psy vs psy";"Minelli_2019_cbt_otherpsy_NA_NA_remission_madrs_fu1_12.0_clinician";0,582695559116745;0,506636291528669;-0,405465108108164;0,35746017649212;5;9;10;12
"84";"Minelli, 2019";"cbt";"other psy";NA;NA;"msd";"madrs";"post";12;"clinician";16,9;7,83;13,16;10,36;10;12;NA;NA;NA;NA;NA;NA;NA;NA;NA;NA;NA;NA;NA;NA;NA;"emdr";NA;NA;NA;NA;NA;NA;NA;NA;2019;"n";"ind";"ind";24;"eu";"adul";52,75;72,71;"clin";"psych";"chr";"oth (patients with previous traumatic experience)";1;"1";1;1;4;2;0;"1";1;"psy vs psy";"Minelli_2019_cbt_otherpsy_NA_NA_msd_madrs_post_12.0_clinician";0,745571509903025;0,443828762824249;NA;NA;NA;NA;NA;NA
"85";"Minelli, 2019";"cbt";"other psy";NA;NA;"msd";"bdi-II";"post";8;"self-report";13,42;26,6;12,13;17,3;10;12;NA;NA;NA;NA;NA;NA;NA;NA;NA;NA;NA;NA;NA;NA;NA;"emdr";NA;NA;NA;NA;NA;NA;NA;NA;2019;"n";"ind";"ind";24;"eu";"adul";52,75;72,71;"clin";"psych";"chr";"oth (patients with previous traumatic experience)";1;"1";1;1;4;2;0;"0";1;"psy vs psy";"Minelli_2019_cbt_otherpsy_NA_NA_msd_bdi-II_post_8.0_self-report";-0,834572659859772;0,447702499327268;NA;NA;NA;NA;NA;NA
"86";"Myhre, 2018";"bat";"cau";NA;NA;"msd";"bdi-II";"post";1;"self-report";19,4;32,78;9,48;9,05;10;9;NA;NA;NA;NA;NA;NA;NA;NA;NA;NA;NA;NA;NA;NA;NA;NA;39,2;8,84;10;42,33;7,28;10;NA;NA;2018;"n";"ind";"ind";5;"eu";"adul";30;65;"clin";"psych";"mood";"adul";0;"sr";0;1;2;2;0;"1";1;"psy vs ctr";"Myhre_2018_bat_cau_NA_NA_msd_bdi-II_post_1.0_self-report";-1,3772324820282;0,515572787258804;NA;NA;NA;NA;NA;NA
"87";"Myhre, 2018";"bat";"cau";NA;NA;"response";"bdi-II";"post";1;"self-report";NA;NA;NA;NA;NA;NA;NA;NA;NA;NA;NA;NA;6;0;10;9;NA;NA;NA;NA;NA;NA;NA;NA;NA;NA;NA;NA;"response defined as 50% decrease in bdi";"response";2018;"n";"ind";"ind";5;"eu";"adul";30;65;"clin";"psych";"mood";"adul";0;"sr";0;1;2;2;0;"0";0;"psy vs ctr";"Myhre_2018_bat_cau_NA_NA_response_bdi-II_post_1.0_self-report";-1,75304792339176;0,868466662624767;2,46486589890455;1,39762115779396;6;0;10;9
"88";"Myhre, 2018";"bat";"cau";NA;NA;"remission";"bdi-II";"post";1;"self-report";NA;NA;NA;NA;NA;NA;NA;NA;NA;NA;NA;NA;4;0;9;9;NA;NA;NA;NA;NA;NA;NA;NA;NA;NA;NA;NA;"remission defined as responder status and bdi < 13,49";"remission";2018;"n";"ind";"ind";5;"eu";"adul";30;65;"clin";"psych";"mood";"adul";0;"sr";0;1;2;2;0;"0";0;"psy vs ctr";"Myhre_2018_bat_cau_NA_NA_remission_bdi-II_post_1.0_self-report";-1,4488010440291;0,873348052634005;2,19722457733622;1,41834266185317;4;0;9;9
"89";"Nickel, 2004";"other psy";"cau";NA;NA;"msd";"bdi";"post";6;"self-report";13,3;15,6;2,1;3,2;15;16;NA;NA;NA;NA;NA;NA;NA;NA;NA;NA;NA;NA;NA;NA;"treatment incorporating partner";NA;21,5;2,5;15;21,3;2,2;16;NA;NA;2004;"n";"oth";"oth (mix of different therapies and formats including couple therapy)";NA;"eu";"adul";26,24;100;"clin";"psych";"mood";"adul";1;"sr";0;1;3;2;0;"1";1;"psy vs ctr";"Nickel_2004_otherpsy_cau_NA_NA_msd_bdi_post_6.0_self-report";-0,822024313140477;0,375042828046959;NA;NA;NA;NA;NA;NA
"90";"Rieu, 2011";"cbt";"cau";NA;NA;"msd";"ham-d";"post";2;"clinician";12,27;14,36;10,07;4,84;11;11;NA;NA;NA;NA;NA;NA;NA;NA;NA;NA;NA;NA;NA;NA;NA;NA;23,27;6,28;11;19,27;3,88;11;NA;NA;2011;"n";"ind";"ind";6;"eu";"adul";48,4;63,64;"clin";"psych";"mdd";"adul";0;"0";0;0;0;2;0;"1";1;"psy vs ctr";"Rieu_2011_cbt_cau_NA_NA_msd_ham-d_post_2.0_clinician";-0,254499790932507;0,428262464632608;NA;NA;NA;NA;NA;NA
"91";"Rieu, 2011";"cbt";"cau";NA;NA;"msd";"bdi-II";"post";2;"self-report";18,82;20,55;16,84;11,39;11;11;NA;NA;NA;NA;NA;NA;NA;NA;NA;NA;NA;NA;NA;NA;NA;NA;36,73;12,02;11;36,09;7,46;11;NA;NA;2011;"n";"ind";"ind";6;"eu";"adul";48,4;63,64;"clin";"psych";"mdd";"adul";0;"0";0;0;0;2;0;"0";1;"psy vs ctr";"Rieu_2011_cbt_cau_NA_NA_msd_bdi-II_post_2.0_self-report";-0,115772550216126;0,426787213373265;NA;NA;NA;NA;NA;NA
"92";"Rieu, 2011";"cbt";"cau";NA;NA;"remission";"bdi-II, ham-d";"post";2;"clinician, self-report";NA;NA;NA;NA;NA;NA;NA;NA;NA;NA;NA;NA;5;1;11;11;NA;NA;NA;NA;NA;NA;NA;NA;NA;NA;NA;NA;"remission based on bdi-II<11 and ham-d<8";"remission";2011;"n";"ind";"ind";6;"eu";"adul";48,4;63,64;"clin";"psych";"mdd";"adul";0;"0";0;0;0;2;0;"0";0;"psy vs ctr";"Rieu_2011_cbt_cau_NA_NA_remission_bdi-II_ham-d_post_2.0_clinician_self-report";-1,12457157037517;0,667692450179187;1,6094379124341;1,00904995821903;5;1;11;11
"93";"Roten, 2017";"dyn";"cau";NA;NA;"response";"madrs";"post";4;"clinician";NA;NA;NA;NA;NA;NA;NA;NA;NA;NA;NA;NA;31;16;76;73;NA;NA;NA;NA;NA;NA;29,42;6,73;76;30,88;6,69;73;"Response (>46% reduction in MADRS)";"response";2017;"n";"ind";"ind";8,5;"eu";"adul";43,2;73;"clin";"psych";"mdd";"adul";0;"1";1;0;2;2;0;"1";1;"psy vs ctr";"Roten_2017_dyn_cau_NA_NA_response_madrs_post_4.0_clinician";-0,492446368302119;0,202213840330878;0,621124583107425;0,260579238701591;31;16;76;73
"94";"Roten, 2017";"dyn";"cau";NA;NA;"response";"madrs";"fu1";52;"clinician";NA;NA;NA;NA;NA;NA;NA;NA;NA;NA;NA;NA;37;25;76;73;NA;NA;NA;NA;NA;NA;29,42;6,73;76;30,88;6,69;73;"Response (>46% reduction in MADRS)";"response";2017;"n";"ind";"ind";8,5;"eu";"adul";43,2;73;"clin";"psych";"mdd";"adul";0;"1";1;0;2;2;0;"1-fu";0;"psy vs ctr";"Roten_2017_dyn_cau_NA_NA_response_madrs_fu1_52.0_clinician";-0,328931993695982;0,18574252158329;0,351768188638084;0,200425802114395;37;25;76;73
"95";"Roten, 2017";"dyn";"cau";NA;NA;"response";"qids-sr";"post";4;"self-report";NA;NA;NA;NA;NA;NA;NA;NA;NA;NA;NA;NA;16;15;76;73;NA;NA;NA;NA;NA;NA;16,76;4,41;76;17,33;3,96;76;"Response (>50% reduction in QIDS)";"response";2017;"n";"ind";"ind";8,5;"eu";"adul";43,2;73;"clin";"psych";"mdd";"adul";0;"1";1;0;2;2;0;"0";1;"psy vs ctr";"Roten_2017_dyn_cau_NA_NA_response_qids-sr_post_4.0_self-report";-0,0168047209113748;0,22264044718239;0,0242646219996313;0,319859565736025;16;15;76;73
"96";"Roten, 2017";"dyn";"cau";NA;NA;"response";"qids-sr";"fu1";52;"self-report";NA;NA;NA;NA;NA;NA;NA;NA;NA;NA;NA;NA;28;20;76;73;NA;NA;NA;NA;NA;NA;16,76;4,41;76;17,33;3,96;76;"Response (>50% reduction in QIDS)";"response";2017;"n";"ind";"ind";8,5;"eu";"adul";43,2;73;"clin";"psych";"mdd";"adul";0;"1";1;0;2;2;0;"0";1;"psy vs ctr";"Roten_2017_dyn_cau_NA_NA_response_qids-sr_fu1_52.0_self-report";-0,238911260584798;0,195247929481412;0,296198337483273;0,242606184670666;28;20;76;73
"97";"Roten, 2017";"dyn";"cau";NA;NA;"remission";"madrs";"post";4;"clinician";NA;NA;NA;NA;NA;NA;NA;NA;NA;NA;NA;NA;14;8;76;73;NA;NA;NA;NA;NA;NA;29,42;6,73;76;30,88;6,69;73;"Remission (MADRS <= 7)";"remission";2017;"n";"ind";"ind";8,5;"eu";"adul";43,2;73;"clin";"psych";"mdd";"adul";0;"1";1;0;2;2;0;"1";1;"psy vs ctr";"Roten_2017_dyn_cau_NA_NA_remission_madrs_post_4.0_clinician";-0,33287426449638;0,263222579417269;0,519341888797483;0,411791265758203;14;8;76;73
"98";"Roten, 2017";"dyn";"cau";NA;NA;"remission";"madrs";"fu1";52;"clinician";NA;NA;NA;NA;NA;NA;NA;NA;NA;NA;NA;NA;24;10;76;73;NA;NA;NA;NA;NA;NA;29,42;6,73;76;30,88;6,69;73;"Remission (MADRS <= 7)";"remission";2017;"n";"ind";"ind";8,5;"eu";"adul";43,2;73;"clin";"psych";"mdd";"adul";0;"1";1;0;2;2;0;"1";0;"psy vs ctr";"Roten_2017_dyn_cau_NA_NA_remission_madrs_fu1_52.0_clinician";-0,585458775608638;0,23180115232483;0,83519483821596;0,338836452868989;24;10;76;73
"99";"Roten, 2017";"dyn";"cau";NA;NA;"remission";"qids";"post";4;"self-report";NA;NA;NA;NA;NA;NA;NA;NA;NA;NA;NA;NA;8;6;76;73;NA;NA;NA;NA;NA;NA;16,76;4,41;76;17,33;3,96;76;"Remission (QIDS‚â§ 5)";"remission";2017;"n";"ind";"ind";8,5;"eu";"adul";43,2;73;"clin";"psych";"mdd";"adul";0;"1";1;0;2;2;0;"0";1;"psy vs ctr";"Roten_2017_dyn_cau_NA_NA_remission_qids_post_4.0_self-report";-0,149670598541566;0,312510571538599;0,247408173313841;0,5145970674157;8;6;76;73
"100";"Roten, 2017";"dyn";"cau";NA;NA;"remission";"qids";"fu1";52;"self-report";NA;NA;NA;NA;NA;NA;NA;NA;NA;NA;NA;NA;19;11;76;73;NA;NA;NA;NA;NA;NA;16,76;4,41;76;17,33;3,96;76;"Remission (QIDS‚â§ 5)";"remission";2017;"n";"ind";"ind";8,5;"eu";"adul";43,2;73;"clin";"psych";"mdd";"adul";0;"1";1;0;2;2;0;"0";0;"psy vs ctr";"Roten_2017_dyn_cau_NA_NA_remission_qids_fu1_52.0_self-report";-0,345905876318736;0,232091498134037;0,50626980723013;0,341590610208523;19;11;76;73
"101";"Schaub, 2018";"cbt";"sup";"cbt-g+I";"sup";"msd";"bdi";"post";8;"self-report";13,43;13,27;9,56;12,06;60;58;NA;NA;NA;NA;NA;NA;NA;NA;NA;NA;NA;NA;NA;NA;NA;NA;23,93;11,53;60;25,02;12,38;58;NA;NA;2018;"n";"oth";"oth";10;"eu";"adul";47,89;57;"clin";"psych";"mdd";"adul";0;"1";1;1;3;3;1;"0";1;"psy vs psy";"Schaub_2018_cbt_sup_cbt-g+I_sup_msd_bdi_post_8.0_self-report";0,0146366931743149;0,184143872073157;NA;NA;NA;NA;NA;NA
"102";"Schaub, 2018";"cbt";"sup";"cbt-g+I";"sup";"msd";"bdi";"fu1";34;"self-report";11;11,63;11,01;9,47;30;18;NA;NA;NA;NA;NA;NA;NA;NA;NA;NA;NA;NA;NA;NA;NA;NA;23,93;11,53;60;25,02;12,38;58;NA;NA;2018;"n";"oth";"oth";10;"eu";"adul";47,89;57;"clin";"psych";"mdd";"adul";0;"1";1;1;3;3;1;"0";1;"psy vs psy";"Schaub_2018_cbt_sup_cbt-g+I_sup_msd_bdi_fu1_34.0_self-report";-0,0592007778989623;0,298205673280787;NA;NA;NA;NA;NA;NA
"103";"Schaub, 2018";"cbt";"sup";"cbt-g+I";"sup";"msd";"bdi";"fu2";60;"self-report";9,04;11,81;9,6;14,4;30;18;NA;NA;NA;NA;NA;NA;NA;NA;NA;NA;NA;NA;NA;NA;NA;NA;23,93;11,53;60;25,02;12,38;58;NA;NA;2018;"n";"oth";"oth";10;"eu";"adul";47,89;57;"clin";"psych";"mdd";"adul";0;"1";1;1;3;3;1;"0";1;"psy vs psy";"Schaub_2018_cbt_sup_cbt-g+I_sup_msd_bdi_fu2_60.0_self-report";-0,234726824199501;0,299135592792533;NA;NA;NA;NA;NA;NA
"104";"Schaub, 2018";"cbt";"sup";"cbt-g+I";"sup";"msd";"bdi";"fu3";86;"self-report";8,17;6,79;7,94;11,95;30;18;NA;NA;NA;NA;NA;NA;NA;NA;NA;NA;NA;NA;NA;NA;NA;NA;23,93;11,53;60;25,02;12,38;58;NA;NA;2018;"n";"oth";"oth";10;"eu";"adul";47,89;57;"clin";"psych";"mdd";"adul";0;"1";1;1;3;3;1;"0";1;"psy vs psy";"Schaub_2018_cbt_sup_cbt-g+I_sup_msd_bdi_fu3_86.0_self-report";0,141118307176263;0,298501763225511;NA;NA;NA;NA;NA;NA
"105";"Schaub, 2018";"cbt";"sup";"cbt-g+I";"sup";"msd";"bdi";"fu4";112;"self-report";8,58;8,72;7,92;9,21;30;18;NA;NA;NA;NA;NA;NA;NA;NA;NA;NA;NA;NA;NA;NA;NA;NA;23,93;11,53;60;25,02;12,38;58;NA;NA;2018;"n";"oth";"oth";10;"eu";"adul";47,89;57;"clin";"psych";"mdd";"adul";0;"1";1;1;3;3;1;"0";1;"psy vs psy";"Schaub_2018_cbt_sup_cbt-g+I_sup_msd_bdi_fu4_112.0_self-report";-0,0163549022728336;0,298147226749302;NA;NA;NA;NA;NA;NA
"106";"Schaub, 2018";"cbt";"sup";"cbt-g+I";"sup";"msd";"ham-d";"post";8;"clinician";10,86;12,9;6,7;8,93;60;58;NA;NA;NA;NA;NA;NA;NA;NA;NA;NA;NA;NA;NA;NA;NA;NA;21,1;7,74;60;22,52;7,36;58;NA;NA;2018;"n";"oth";"oth";10;"eu";"adul";47,89;57;"clin";"psych";"mdd";"adul";0;"1";1;1;3;3;1;"1";1;"psy vs psy";"Schaub_2018_cbt_sup_cbt-g+I_sup_msd_ham-d_post_8.0_clinician";-0,257366319927344;0,184911832596514;NA;NA;NA;NA;NA;NA
"107";"Schaub, 2018";"cbt";"sup";"cbt-g+I";"sup";"msd";"ham-d";"fu1";34;"clinician";8,53;9,5;8,17;9,2;30;18;NA;NA;NA;NA;NA;NA;NA;NA;NA;NA;NA;NA;NA;NA;NA;NA;21,1;7,74;60;22,52;7,36;58;NA;NA;2018;"n";"oth";"oth";10;"eu";"adul";47,89;57;"clin";"psych";"mdd";"adul";0;"1";1;1;3;3;1;"1-fu";1;"psy vs psy";"Schaub_2018_cbt_sup_cbt-g+I_sup_msd_ham-d_fu1_34.0_clinician";-0,111393804430737;0,298366367685993;NA;NA;NA;NA;NA;NA
"108";"Schaub, 2018";"cbt";"sup";"cbt-g+I";"sup";"msd";"ham-d";"fu2";60;"clinician";8,09;7,48;9,16;8,62;30;18;NA;NA;NA;NA;NA;NA;NA;NA;NA;NA;NA;NA;NA;NA;NA;NA;21,1;7,74;60;22,52;7,36;58;NA;NA;2018;"n";"oth";"oth";10;"eu";"adul";47,89;57;"clin";"psych";"mdd";"adul";0;"1";1;1;3;3;1;"1-fu";1;"psy vs psy";"Schaub_2018_cbt_sup_cbt-g+I_sup_msd_ham-d_fu2_60.0_clinician";0,0669327240022589;0,298223278704864;NA;NA;NA;NA;NA;NA
"109";"Schaub, 2018";"cbt";"sup";"cbt-g+I";"sup";"msd";"ham-d";"fu3";86;"clinician";6,17;5,5;5,3;7,73;30;18;NA;NA;NA;NA;NA;NA;NA;NA;NA;NA;NA;NA;NA;NA;NA;NA;21,1;7,74;60;22,52;7,36;58;NA;NA;2018;"n";"oth";"oth";10;"eu";"adul";47,89;57;"clin";"psych";"mdd";"adul";0;"1";1;1;3;3;1;"1-fu";1;"psy vs psy";"Schaub_2018_cbt_sup_cbt-g+I_sup_msd_ham-d_fu3_86.0_clinician";0,104472268989172;0,298339408142534;NA;NA;NA;NA;NA;NA
"110";"Schaub, 2018";"cbt";"sup";"cbt-g+I";"sup";"msd";"ham-d";"fu4";112;"clinician";5,47;5,06;5,64;5,12;30;18;NA;NA;NA;NA;NA;NA;NA;NA;NA;NA;NA;NA;NA;NA;NA;NA;21,1;7,74;60;22,52;7,36;58;NA;NA;2018;"n";"oth";"oth";10;"eu";"adul";47,89;57;"clin";"psych";"mdd";"adul";0;"1";1;1;3;3;1;"1-fu";1;"psy vs psy";"Schaub_2018_cbt_sup_cbt-g+I_sup_msd_ham-d_fu4_112.0_clinician";0,0739471744637769;0,298241116620028;NA;NA;NA;NA;NA;NA
"111";"Schaub, 2018";"cbt";"sup";"cbt-g+I";"sup";"msd";"madrs";"post";8;"clinician";11,02;12,54;8,38;9,68;60;58;NA;NA;NA;NA;NA;NA;NA;NA;NA;NA;NA;NA;NA;NA;NA;NA;21,86;8;60;23,09;7,61;58;NA;NA;2018;"n";"oth";"oth";10;"eu";"adul";47,89;57;"clin";"psych";"mdd";"adul";0;"1";1;1;3;3;1;"0";1;"psy vs psy";"Schaub_2018_cbt_sup_cbt-g+I_sup_msd_madrs_post_8.0_clinician";-0,167011863614194;0,184466211374684;NA;NA;NA;NA;NA;NA
"112";"Schaub, 2018";"cbt";"sup";"cbt-g+I";"sup";"msd";"madrs";"fu1";34;"clinician";8,75;9;10,02;9,4;30;18;NA;NA;NA;NA;NA;NA;NA;NA;NA;NA;NA;NA;NA;NA;NA;NA;21,86;8;60;23,09;7,61;58;NA;NA;2018;"n";"oth";"oth";10;"eu";"adul";47,89;57;"clin";"psych";"mdd";"adul";0;"1";1;1;3;3;1;"0";1;"psy vs psy";"Schaub_2018_cbt_sup_cbt-g+I_sup_msd_madrs_fu1_34.0_clinician";-0,02510367939744;0,298153775857871;NA;NA;NA;NA;NA;NA
"113";"Schaub, 2018";"cbt";"sup";"cbt-g+I";"sup";"msd";"madrs";"fu2";60;"clinician";7,46;7,48;9,05;9,78;30;18;NA;NA;NA;NA;NA;NA;NA;NA;NA;NA;NA;NA;NA;NA;NA;NA;21,86;8;60;23,09;7,61;58;NA;NA;2018;"n";"oth";"oth";10;"eu";"adul";47,89;57;"clin";"psych";"mdd";"adul";0;"1";1;1;3;3;1;"0";1;"psy vs psy";"Schaub_2018_cbt_sup_cbt-g+I_sup_msd_madrs_fu2_60.0_clinician";-0,00210928591145208;0,298142477334648;NA;NA;NA;NA;NA;NA
"114";"Schaub, 2018";"cbt";"sup";"cbt-g+I";"sup";"msd";"madrs";"fu4";112;"clinician";5,59;5,78;6,89;5,1;30;18;NA;NA;NA;NA;NA;NA;NA;NA;NA;NA;NA;NA;NA;NA;NA;NA;21,86;8;60;23,09;7,61;58;NA;NA;2018;"n";"oth";"oth";10;"eu";"adul";47,89;57;"clin";"psych";"mdd";"adul";0;"1";1;1;3;3;1;"0";1;"psy vs psy";"Schaub_2018_cbt_sup_cbt-g+I_sup_msd_madrs_fu4_112.0_clinician";-0,0297203684144151;0,298158345834902;NA;NA;NA;NA;NA;NA
"115";"Schaub, 2018";"cbt";"sup";"cbt-g";"sup";"msd";"bdi";"post";8;"self-report";10,91;13,27;8,4;12,06;59;58;NA;NA;NA;NA;NA;NA;NA;NA;NA;NA;NA;NA;NA;NA;NA;NA;21,93;9,53;59;25,02;12,38;58;NA;NA;2018;"n";"grp";"grp";9,5;"eu";"adul";47,89;57;"clin";"psych";"mdd";"adul";0;"1";1;1;3;3;1;"0";1;"psy vs psy";"Schaub_2018_cbt_sup_cbt-g_sup_msd_bdi_post_8.0_self-report";-0,225945793984392;0,185503586890027;NA;NA;NA;NA;NA;NA
"116";"Schaub, 2018";"cbt";"sup";"cbt-g";"sup";"msd";"bdi";"fu1";34;"self-report";6,38;11,63;7,31;9,47;29;18;NA;NA;NA;NA;NA;NA;NA;NA;NA;NA;NA;NA;NA;NA;NA;NA;21,93;9,53;59;25,02;12,38;58;NA;NA;2018;"n";"grp";"grp";9,5;"eu";"adul";47,89;57;"clin";"psych";"mdd";"adul";0;"1";1;1;3;3;1;"0";1;"psy vs psy";"Schaub_2018_cbt_sup_cbt-g_sup_msd_bdi_fu1_34.0_self-report";-0,630035774322935;0,307256116041707;NA;NA;NA;NA;NA;NA
"117";"Schaub, 2018";"cbt";"sup";"cbt-g";"sup";"msd";"bdi";"fu2";60;"self-report";5,25;11,81;6,46;14,4;29;18;NA;NA;NA;NA;NA;NA;NA;NA;NA;NA;NA;NA;NA;NA;NA;NA;21,93;9,53;59;25,02;12,38;58;NA;NA;2018;"n";"grp";"grp";9,5;"eu";"adul";47,89;57;"clin";"psych";"mdd";"adul";0;"1";1;1;3;3;1;"0";1;"psy vs psy";"Schaub_2018_cbt_sup_cbt-g_sup_msd_bdi_fu2_60.0_self-report";-0,631562701015389;0,307290609545087;NA;NA;NA;NA;NA;NA
"118";"Schaub, 2018";"cbt";"sup";"cbt-g";"sup";"msd";"bdi";"fu3";86;"self-report";9,84;6,79;13,26;11,95;21;18;NA;NA;NA;NA;NA;NA;NA;NA;NA;NA;NA;NA;NA;NA;NA;NA;21,93;9,53;59;25,02;12,38;58;NA;NA;2018;"n";"grp";"grp";9,5;"eu";"adul";47,89;57;"clin";"psych";"mdd";"adul";0;"1";1;1;3;3;1;"0";1;"psy vs psy";"Schaub_2018_cbt_sup_cbt-g_sup_msd_bdi_fu3_86.0_self-report";0,235721585171335;0,322361539037483;NA;NA;NA;NA;NA;NA
"119";"Schaub, 2018";"cbt";"sup";"cbt-g";"sup";"msd";"bdi";"fu4";112;"self-report";6,39;8,72;9,27;9,21;21;18;NA;NA;NA;NA;NA;NA;NA;NA;NA;NA;NA;NA;NA;NA;NA;NA;21,93;9,53;59;25,02;12,38;58;NA;NA;2018;"n";"grp";"grp";9,5;"eu";"adul";47,89;57;"clin";"psych";"mdd";"adul";0;"1";1;1;3;3;1;"0";1;"psy vs psy";"Schaub_2018_cbt_sup_cbt-g_sup_msd_bdi_fu4_112.0_self-report";-0,246951984949581;0,322473848139606;NA;NA;NA;NA;NA;NA
"120";"Schaub, 2018";"cbt";"sup";"cbt-g";"sup";"msd";"ham-d";"post";8;"clinician";10,04;12,9;8,03;8,93;59;58;NA;NA;NA;NA;NA;NA;NA;NA;NA;NA;NA;NA;NA;NA;NA;NA;20,15;7,41;59;22,52;7,36;58;NA;NA;2018;"n";"grp";"grp";9,5;"eu";"adul";47,89;57;"clin";"psych";"mdd";"adul";0;"1";1;1;3;3;1;"1";1;"psy vs psy";"Schaub_2018_cbt_sup_cbt-g_sup_msd_ham-d_post_8.0_clinician";-0,334743106015961;0,186214156550772;NA;NA;NA;NA;NA;NA
"121";"Schaub, 2018";"cbt";"sup";"cbt-g";"sup";"msd";"ham-d";"fu1";34;"clinician";7,88;9,5;8,16;9,2;29;18;NA;NA;NA;NA;NA;NA;NA;NA;NA;NA;NA;NA;NA;NA;NA;NA;20,15;7,41;59;22,52;7,36;58;NA;NA;2018;"n";"grp";"grp";9,5;"eu";"adul";47,89;57;"clin";"psych";"mdd";"adul";0;"1";1;1;3;3;1;"1-fu";1;"psy vs psy";"Schaub_2018_cbt_sup_cbt-g_sup_msd_ham-d_fu1_34.0_clinician";-0,185912428823162;0,300696944080655;NA;NA;NA;NA;NA;NA
"122";"Schaub, 2018";"cbt";"sup";"cbt-g";"sup";"msd";"ham-d";"fu2";60;"clinician";5,83;7,48;7,71;8,62;29;18;NA;NA;NA;NA;NA;NA;NA;NA;NA;NA;NA;NA;NA;NA;NA;NA;20,15;7,41;59;22,52;7,36;58;NA;NA;2018;"n";"grp";"grp";9,5;"eu";"adul";47,89;57;"clin";"psych";"mdd";"adul";0;"1";1;1;3;3;1;"1-fu";1;"psy vs psy";"Schaub_2018_cbt_sup_cbt-g_sup_msd_ham-d_fu2_60.0_clinician";-0,201137596699455;0,300804750645489;NA;NA;NA;NA;NA;NA
"123";"Schaub, 2018";"cbt";"sup";"cbt-g";"sup";"msd";"ham-d";"fu3";86;"clinician";4,58;5,5;5,06;7,73;21;18;NA;NA;NA;NA;NA;NA;NA;NA;NA;NA;NA;NA;NA;NA;NA;NA;20,15;7,41;59;22,52;7,36;58;NA;NA;2018;"n";"grp";"grp";9,5;"eu";"adul";47,89;57;"clin";"psych";"mdd";"adul";0;"1";1;1;3;3;1;"1-fu";1;"psy vs psy";"Schaub_2018_cbt_sup_cbt-g_sup_msd_ham-d_fu3_86.0_clinician";-0,140245992489865;0,321616830110283;NA;NA;NA;NA;NA;NA
"124";"Schaub, 2018";"cbt";"sup";"cbt-g";"sup";"msd";"ham-d";"fu4";112;"clinician";5,71;5,06;7,55;5,12;21;18;NA;NA;NA;NA;NA;NA;NA;NA;NA;NA;NA;NA;NA;NA;NA;NA;20,15;7,41;59;22,52;7,36;58;NA;NA;2018;"n";"grp";"grp";9,5;"eu";"adul";47,89;57;"clin";"psych";"mdd";"adul";0;"1";1;1;3;3;1;"1-fu";1;"psy vs psy";"Schaub_2018_cbt_sup_cbt-g_sup_msd_ham-d_fu4_112.0_clinician";0,0972634286789754;0,321404719344029;NA;NA;NA;NA;NA;NA
"125";"Schaub, 2018";"cbt";"sup";"cbt-g";"sup";"msd";"madrs";"post";8;"clinician";10,1;12,54;9,31;9,68;59;58;NA;NA;NA;NA;NA;NA;NA;NA;NA;NA;NA;NA;NA;NA;NA;NA;21,59;8,34;59;23,09;7,61;58;NA;NA;2018;"n";"grp";"grp";9,5;"eu";"adul";47,89;57;"clin";"psych";"mdd";"adul";0;"1";1;1;3;3;1;"0";1;"psy vs psy";"Schaub_2018_cbt_sup_cbt-g_sup_msd_madrs_post_8.0_clinician";-0,255292561499399;0,185668336811475;NA;NA;NA;NA;NA;NA
"126";"Schaub, 2018";"cbt";"sup";"cbt-g";"sup";"msd";"madrs";"fu1";34;"clinician";7,13;9;8,57;9,4;29;18;NA;NA;NA;NA;NA;NA;NA;NA;NA;NA;NA;NA;NA;NA;NA;NA;21,59;8,34;59;23,09;7,61;58;NA;NA;2018;"n";"grp";"grp";9,5;"eu";"adul";47,89;57;"clin";"psych";"mdd";"adul";0;"1";1;1;3;3;1;"0";1;"psy vs psy";"Schaub_2018_cbt_sup_cbt-g_sup_msd_madrs_fu1_34.0_clinician";-0,206761323905936;0,300846705739873;NA;NA;NA;NA;NA;NA
"127";"Schaub, 2018";"cbt";"sup";"cbt-g";"sup";"msd";"madrs";"fu2";60;"clinician";5,13;7,48;7,21;9,78;29;18;NA;NA;NA;NA;NA;NA;NA;NA;NA;NA;NA;NA;NA;NA;NA;NA;21,59;8,34;59;23,09;7,61;58;NA;NA;2018;"n";"grp";"grp";9,5;"eu";"adul";47,89;57;"clin";"psych";"mdd";"adul";0;"1";1;1;3;3;1;"0";1;"psy vs psy";"Schaub_2018_cbt_sup_cbt-g_sup_msd_madrs_fu2_60.0_clinician";-0,279220436518136;0,30149002492961;NA;NA;NA;NA;NA;NA
"128";"Schaub, 2018";"cbt";"sup";"cbt-g";"sup";"msd";"madrs";"fu4";112;"clinician";5,48;5,78;9,2;5,1;21;18;NA;NA;NA;NA;NA;NA;NA;NA;NA;NA;NA;NA;NA;NA;NA;NA;21,59;8,34;59;23,09;7,61;58;NA;NA;2018;"n";"grp";"grp";9,5;"eu";"adul";47,89;57;"clin";"psych";"mdd";"adul";0;"1";1;1;3;3;1;"0";1;"psy vs psy";"Schaub_2018_cbt_sup_cbt-g_sup_msd_madrs_fu4_112.0_clinician";-0,0386875640785418;0,321239163011972;NA;NA;NA;NA;NA;NA
"129";"Schramm, 2007";"ipt";"other ctr";NA;NA;"msd";"ham-d";"post";5;"clinician";8,9;11,8;6,4;7,9;63;61;NA;NA;NA;NA;NA;NA;NA;NA;NA;NA;NA;NA;NA;NA;"ipt + pharmacotherapy";"clinical management";25,1;5,1;63;21,9;4,1;61;NA;NA;2007;"n";"oth";"oth";13;"eu";"adul";41,88;65;"clin";"psych";"mdd";"adul";1;"1";1;1;4;2;0;"1";1;"psy vs ctr";"Schramm_2007_ipt_otherctr_NA_NA_msd_ham-d_post_5.0_clinician";-0,401580003204398;0,181451957264926;NA;NA;NA;NA;NA;NA
"130";"Schramm, 2007";"ipt";"other ctr";NA;NA;"msd";"ham-d";"fu1";57;"clinician";4,36;8,4;5,35;9,22;50;47;NA;NA;NA;NA;NA;NA;NA;NA;NA;NA;NA;NA;NA;NA;"ipt + pharmacotherapy";"clinical management";15,1;5,1;63;21,9;4,1;61;NA;NA;2007;"n";"oth";"oth";13;"eu";"adul";41,88;65;"clin";"psych";"mdd";"adul";1;"1";1;1;4;2;0;"1-fu";1;"psy vs ctr";"Schramm_2007_ipt_otherctr_NA_NA_msd_ham-d_fu1_57.0_clinician";-0,535952665980462;0,206835594127677;NA;NA;NA;NA;NA;NA
"131";"Schramm, 2007";"ipt";"other ctr";NA;NA;"msd";"bdi";"post";5;"self-report";14,4;15,1;10,2;11,9;63;61;NA;NA;NA;NA;NA;NA;NA;NA;NA;NA;NA;NA;NA;NA;"ipt + pharmacotherapy";"clinical management";29,5;7,9;63;30,1;10,2;61;NA;NA;2007;"n";"oth";"oth";13;"eu";"adul";41,88;65;"clin";"psych";"mdd";"adul";1;"1";1;1;4;2;0;"0";1;"psy vs ctr";"Schramm_2007_ipt_otherctr_NA_NA_msd_bdi_post_5.0_self-report";-0,0628515766120103;0,179673551987339;NA;NA;NA;NA;NA;NA
"132";"Schramm, 2007";"ipt";"other ctr";NA;NA;"msd";"bdi";"fu1";57;"self-report";7,9;12,93;9,24;13,58;50;47;NA;NA;NA;NA;NA;NA;NA;NA;NA;NA;NA;NA;NA;NA;"ipt + pharmacotherapy";"clinical management";29,5;7,9;63;30,1;10,2;61;NA;NA;2007;"n";"oth";"oth";13;"eu";"adul";41,88;65;"clin";"psych";"mdd";"adul";1;"1";1;1;4;2;0;"0";1;"psy vs ctr";"Schramm_2007_ipt_otherctr_NA_NA_msd_bdi_fu1_57.0_self-report";-0,432162839996675;0,205559539024369;NA;NA;NA;NA;NA;NA
"133";"Snarski, 2011";"bat";"cau";NA;NA;"msd";"gds-s";"post";4;"self-report";4,04;4,4;2,89;2,97;25;25;NA;NA;NA;NA;NA;NA;NA;NA;NA;NA;NA;NA;NA;NA;NA;NA;6,2;3,15;25;5;2,24;25;NA;NA;2011;"n";"ind";"ind";8;"us";"old";71,67;60;"oth";"psych";"cut";"med (cognitive impairments)";0;"sr";1;0;2;2;0;"1";1;"psy vs ctr";"Snarski_2011_bat_cau_NA_NA_msd_gds-s_post_4.0_self-report";-0,120925779521768;0,283109403953048;NA;NA;NA;NA;NA;NA
"134";"Sood, 2003";"cbt";"other ctr";NA;NA;"msd";"gds";"post";7,5;"self-report";9,33;13,38;5,89;7,41;6;8;NA;NA;NA;NA;NA;NA;NA;NA;NA;NA;NA;NA;NA;NA;NA;"standard occupational therapy";18;6,26;6;19,25;5,04;8;NA;NA;2003;"n";"grp";"grp";30;"us";"olderold";80,79;42,86;"oth";"nursing";"cut";"old";0;"sr";0;0;1;2;0;"1";1;"psy vs ctr";"Sood_2003_cbt_otherctr_NA_NA_msd_gds_post_7.5_self-report";-0,556102073110094;0,551605584950873;NA;NA;NA;NA;NA;NA
"135";"Sood, 2003";"cbt";"other ctr";NA;NA;"remission";"gds";"post";7,5;"self-report";NA;NA;NA;NA;NA;NA;NA;NA;NA;NA;NA;NA;4;2;6;8;NA;NA;NA;NA;NA;"standard occupational therapy";NA;NA;NA;NA;NA;NA;"remission based on gds";"remission";2003;"n";"grp";"grp";30;"us";"olderold";80,79;42,86;"oth";"nursing";"cut";"old";0;"sr";0;0;1;2;0;"0";0;"psy vs ctr";"Sood_2003_cbt_otherctr_NA_NA_remission_gds_post_7.5_self-report";-0,924794592284378;0,656212641207052;0,980829253011726;0,67700320038633;4;2;6;8
"136";"Trapp, 2016";"other psy";"cau";NA;NA;"msd";"bdi-II";"post";4;"self-report";16,04;18,22;12,32;12,89;21;20;NA;NA;NA;NA;NA;NA;NA;NA;NA;NA;NA;NA;NA;NA;"cognitive remediation";NA;28,17;10,76;23;27,22;10,77;23;NA;NA;2016;"n";"ush";"ush";12;"eu";"adul";35,57;67,4;"clin";"psych";"mdd";"adul";0;"1";1;1;3;2;0;"0";1;"psy vs ctr";"Trapp_2016_otherpsy_cau_NA_NA_msd_bdi-II_post_4.0_self-report";-0,169654877629586;0,313024039766117;NA;NA;NA;NA;NA;NA
"137";"Trapp, 2016";"other psy";"cau";NA;NA;"msd";"ham-d";"post";4;"clinician";6,09;8,83;2,86;4,65;21;20;NA;NA;NA;NA;NA;NA;NA;NA;NA;NA;NA;NA;NA;NA;"cognitive remediation";NA;11,91;4,27;23;12,17;3,14;23;NA;NA;2016;"n";"ush";"ush";12;"eu";"adul";35,57;67,4;"clin";"psych";"mdd";"adul";0;"1";1;1;3;2;0;"1";1;"psy vs ctr";"Trapp_2016_otherpsy_cau_NA_NA_msd_ham-d_post_4.0_clinician";-0,700132388479884;0,322234720475731;NA;NA;NA;NA;NA;NA
"138";"Travers, 2017";"bat";"other ctr";NA;NA;"change";"gds-12r";"post";8;"self-report";NA;NA;NA;NA;NA;NA;0,5;1,5;2,42;2,53;10;8;NA;NA;NA;NA;NA;NA;NA;NA;NA;"walking and talking intervention";NA;NA;NA;NA;NA;NA;NA;NA;2017;"n";"ind";"ind";8;"au";"olderold";86,4;88,89;"oth";"nursing";"cut";"med (dementia)";0;"sr";0;1;2;2;0;"1";1;"psy vs ctr";"Travers_2017_bat_otherctr_NA_NA_change_gds-12r_post_8.0_self-report";-0,385777975109349;0,479121857971627;NA;NA;NA;NA;NA;NA
"139";"Tsai, 2008";"other psy";"other ctr";NA;NA;"msd";"gds";"post";4;"self-report";12,8;11,3;2,9;4,8;31;32;NA;NA;NA;NA;NA;NA;NA;NA;NA;NA;NA;NA;NA;NA;"self-worth therapy";"visits from research assistant";16,1;3;31;14,3;3,4;32;NA;NA;2008;"n";"ind";"ind";4;"eas";"olderold";77,38;63,48;"oth";"nursing";"cut";"old";0;"sr";0;1;2;2;0;"1";1;"psy vs ctr";"Tsai_2008_otherpsy_otherctr_NA_NA_msd_gds_post_4.0_self-report";0,372178455026843;0,254234261030987;NA;NA;NA;NA;NA;NA
"140";"Tsai, 2008";"other psy";"other ctr";NA;NA;"msd";"gds";"fu1";13;"self-report";10;12;3,6;4,9;31;32;NA;NA;NA;NA;NA;NA;NA;NA;NA;NA;NA;NA;NA;NA;"self-worth therapy";"visits from research assistant";16,1;3;31;14,3;3,4;32;NA;NA;2008;"n";"ind";"ind";4;"eas";"olderold";77,38;63,48;"oth";"nursing";"cut";"old";0;"sr";0;1;2;2;0;"1-fu";1;"psy vs ctr";"Tsai_2008_otherpsy_otherctr_NA_NA_msd_gds_fu1_13.0_self-report";-0,458314761286994;0,25537635906058;NA;NA;NA;NA;NA;NA
"141";"Zhu, 2018";"other psy";"cau";NA;NA;"msd";"ham-d";"post";6;"clinician";10,7;14,86;6,27;6,61;30;29;NA;NA;NA;NA;NA;NA;NA;NA;NA;NA;NA;NA;NA;NA;"social cognition and interaction training";NA;35,23;5,4;30;34,34;6,33;29;NA;NA;2018;"n";"grp";"grp";14;"eas";"adul";35,08;35,59;"clin";"psych";"mdd";"adul";0;"0";0;1;1;2;0;"1";1;"psy vs ctr";"Zhu_2018_otherpsy_cau_NA_NA_msd_ham-d_post_6.0_clinician";-0,637498905753013;0,267119957278385;NA;NA;NA;NA;NA;NA
"142";"Zhu, 2018";"other psy";"cau";NA;NA;"response";"ham-d";"post";6;"self-report";NA;NA;NA;NA;NA;NA;NA;NA;NA;NA;NA;NA;25;18;30;29;NA;NA;NA;NA;"social cognition and interaction training";NA;NA;NA;NA;NA;NA;NA;"response defined as 50% decrease in hamd-17";"response";2018;"n";"grp";"grp";14;"eas";"adul";35,08;35,59;"clin";"psych";"mdd";"adul";0;"0";0;1;1;2;0;"0";0;"psy vs ctr";"Zhu_2018_otherpsy_cau_NA_NA_response_ham-d_post_6.0_self-report";-0,607674610711474;0,342740669088375;0,294602515296355;0,166551684475218;25;18;30;29
"143";"Zhu, 2018";"other psy";"cau";NA;NA;"remission";"ham-d";"post";6;"self-report";NA;NA;NA;NA;NA;NA;NA;NA;NA;NA;NA;NA;17;8;30;29;NA;NA;NA;NA;"social cognition and interaction training";NA;NA;NA;NA;NA;NA;NA;"remission defined as a hamd-17 score <= 7";"remission";2018;"n";"grp";"grp";14;"eas";"adul";35,08;35,59;"clin";"psych";"mdd";"adul";0;"0";0;1;1;2;0;"0";0;"psy vs ctr";"Zhu_2018_otherpsy_cau_NA_NA_remission_ham-d_post_6.0_self-report";-0,670992169548338;0,306156690535671;0,719870250700699;0,340598645707439;17;8;30;29
